Question,Ground_Truth
Quốc gia nào mà Alexander Prokhorov từng có quốc tịch?,Liên Xô
Barack Obama học tại trường nào?,/Trường Punahou
Albert Einstein đã từng nhận được giải thưởng nào từ Hội Thiên Văn Học Hoàng Gia?,Huy Chương Vàng Của Hội Thiên Văn Học Hoàng Gia
Quốc tịch của August Krogh là gì?,Đan Mạch
Quốc tịch của Charles Nicolle là gì?,Pháp
Abiy Ahmed đã đạt được bằng cấp nào trong lĩnh vực giáo dục?,Cử Nhân
Allvar Gullstrand sinh ra ở đất nước nào?,Thụy Điển
Quốc tịch của André Michel Lwoff là gì?,Pháp
Dan Shechtman đã đoạt giải thưởng nào trong lĩnh vực Vật Lý?,Giải Wolf Vật Lý
Nơi sinh của Alexander Fleming là ở đâu?,/Lochfield
David MacMillan là thành viên của Viện Hàn Lâm Khoa Học Quốc Gia hay không?,/Thành Viên Của Viện Hàn Lâm Khoa Học Quốc Gia
Ai đã được trao Huy Chương Corday-Morgan?,/Huy Chương Corday-Morgan
Craig Mello đã nhận giải thưởng nào?,Giải Wiley
Danh sách người đoạt Giải Nobel Sinh Lý Học và Y Khoa bao gồm những ai?,Danh Sách Người Đoạt Giải Nobel Sinh Lý Học Và Y Khoa
Thành phố nào Adolf Otto Reinhold Windaus sinh ra?,Berlin
Danh sách các người đã đoạt Giải Nobel Hóa Học bao gồm ai?,Danh Sách Người Đoạt Giải Nobel Hóa Học
Trường nào Carol W. Greider đã tốt nghiệp?,/Davis Senior High School
Năm nào Ahmed Zewail đã giành Giải thưởng?,1997
Ai là người hướng dẫn luận án tiến sĩ của Abdus Salam?,/Paul Matthews
Ai là người được đề cập trong Triple: Arthur Eddington - Các nghiên cứu sinh nổi tiếng - /Hermann Bondi?,/Hermann Bondi
Ai là người được đề cập trong Triple: Charles T. R. Wilson - Các nghiên cứu sinh nổi tiếng - Cecil Frank Powell?,Cecil Frank Powell
Ai là người hướng dẫn luận án tiến sĩ của Alfred Werner?,/Marcellin Berthelot
Ai là người hướng dẫn luận án tiến sĩ của Adolf Butenandt?,Không có người hướng dẫn tiến sĩ
Ai đã nhận Giải John J. Carty Cho Thăng Tiến Khoa Học?,Giải John J. Carty Cho Thăng Tiến Khoa Học
Adolf Butenandt làm việc tại đâu?,/Viện Kaiser Wilhelm
Albert Szent-Györgyi sinh ở đất nước nào?,Hungary
Charles K. Kao đã đoạt giải thưởng nào?,/Giải Thưởng Nhật Bản
Alexis Carrel sinh ở quốc gia nào?,Pháp
Năm nào Albert Fert đã giành Giải thưởng?,2007
Năm nào Augusto Pinochet sinh ra?,1915
Ai là người đã giành Giải thưởng /Global Energy Prize?,/Global Energy Prize
Nơi David Julius công tác là đâu?,"Đại Học California, San Francisco"
Arnold Sommerfeld sinh ở đâu?,Kaliningrad
Quốc gia nào Claude Simon sinh ra?,Madagascar
Benjamin List học vị gì?,Đại Học Tự Do Berlin
Quốc tịch của Alan Turing là gì?,Anh
Đâu là nơi sinh của Donald A. Glaser?,Ohio
Arnold Sommerfeld làm việc tại trường đại học nào?,/Đại Học Kĩ Thuật Clausthal
Ai là người đã nhận Huy Chương John Bates Clark?,Huy Chương John Bates Clark
"Ai là người có liên quan đến Triple ""Abdus Salam - Các nghiên cứu sinh nổi tiếng - /Yuval Ne'Eman""?",/Yuval Ne'Eman
Quốc tịch của Arieh Warshel là gì?,/Israelis
André Gide làm nghề gì?,Nhà Văn
Quốc tịch của Alfred Sturtevant là gì?,Hoa Kỳ
Baron Todd mất ở đâu?,/Cambrigdeshire
Alan Greenspan sinh ở thành phố nào?,New York
Abdus Salam đã nhận được giải thưởng nào mà có tên gọi là gì?,Huy Chương Tate
Quốc tịch của Craig Mello là gì?,United States
Ai là người có liên quan đến Triple: Abdus Salam - Các nghiên cứu sinh nổi tiếng -?,/Kamaluddin Ahmed
Quốc tịch của Bert Sakmann là gì?,Đức
Arthur B. McDonald làm việc tại đâu?,Princeton University
Ai là người được trao danh hiệu Bharat Ratna?,/Bharat Ratna
Danh sách những người nào đã đoạt Giải Nobel Sinh Lý Học Và Y Khoa?,Danh Sách Người Đoạt Giải Nobel Sinh Lý Học Và Y Khoa
Carl David Anderson làm việc tại đâu?,Viện Công Nghệ California
Ngày nào Bjørnstjerne Bjørnson sinh?,8 Tháng 12
Năm nào Boris Pasternak mất đi?,1960
Anatole France có quốc tịch của quốc gia nào?,Pháp
Alan MacDiarmid làm việc tại đâu?,Đại Học St Andrews
Nơi André Michel Lwoff công tác là ở đâu?,Đại Học Cambridge
Abdus Salam công tác ở đâu?,/Đại Học Punjab
Quốc tịch của Benjamin List là gì?,Tây Đức
Einstein làm việc tại đâu?,/Viện Kaiser Wilhelm
Thành phố nào Adolf Von Baeyer sinh ra?,Berlin
Ngày Alexander Prokhorov sinh là ngày nào?,11 Tháng 7
Ai đã nhận giải thưởng /Václav Havel Human Rights Prize?,/Václav Havel Human Rights Prize
Quốc gia nào là quê hương của Aage Bohr?,Đan Mạch
Ai đã được trao /Giải Thưởng Templeton?,/Giải Thưởng Templeton
Trường đại học nào mà Anton Zeilinger là giáo sư?,/University Of Vienna
"Với thành tích học vấn của Abiy Ahmed, anh ấy có đạt được bằng cấp nào?",Thạc Sỹ
Bertha Von Suttner sinh ở đâu?,Vương Quốc Bohemia
Anne L'Huillier đã nhận được giải thưởng nào trong lĩnh vực Vật lý?,Giải Wolf Vật Lý
Abram Ioffe sinh ở đâu?,Ukraina
Ai đã được trao Huy Chương Hughes?,/Huy Chương Hughes
Anne L'Huillier đạt được học vị nào?,/Thạc Sĩ Khoa Học
Anh/chị sinh ở đâu?,/Monessen
Nơi nào Carl Bosch đã mất?,Heidelberg
Albert Camus qua đời tại đâu?,Villeblevin
Andrew Schally làm việc tại đâu?,Đại Học Miami
"Carl Bosch đã giành được giải thưởng nào mà có tên gọi ""Huy Chương Liebig""?",Huy Chương Liebig
Ai đã nhận giải thưởng Charles Stark Draper Prize?,/Charles Stark Draper Prize
Quốc gia nào là quê hương của André-Louis Debierne?,Pháp
Abram Ioffe làm việc tại đâu?,/Viện Ioffe
Câu hỏi: Nơi sinh của C. V. Raman là đâu?,/Thiruvanaikoil
Danh sách những người đã đoạt Giải Nobel Hóa Học bao gồm những ai?,Danh Sách Người Đoạt Giải Nobel Hóa Học
Alan Turing được công nhận là thành viên của tổ chức nào?,Thành Viên Hiệp Hội Hoàng Gia
Craig Mello làm việc ở đâu?,/Đại Học Y Khoa Massachusetts
Ngày nào Boris Pasternak sinh ra?,10 Tháng 2
Trường đại học nào mà Charles Brenton Huggins từng tham gia giảng dạy?,Đại Học Harvard
Nơi nào mà Amartya Sen công tác?,Đại Học Stanford
Nơi công tác của Abdus Salam là đâu?,/Viện Edward Buochet-Abdus Salam
Năm Albrecht Kossel mất là năm nào?,1927
August Wilhelm Von Hofmann đã nhận được giải thưởng nào vào năm 1881?,Copley Medal
Abhijit Banerjee đã đạt học vị ở đâu?,Đại Học Calcutta
Trường đại học nào Carol W. Greider từng trở thành sinh viên tại?,Đại Học California Tại Berkeley
Barbara McClintock làm việc ở đâu?,/Phòng Thí Nghiệm Cold Spring Harbor
Claudia Goldin làm việc tại đâu?,Đại Học Harvard
Ai là nghiên cứu sinh nổi tiếng được đề cử trong Triple David MacMillan - Các nghiên cứu sinh nổi tiếng - Tristan Lambert?,/Tristan Lambert
Nơi sinh của Burton Richter là ở đâu?,Brooklyn
Ngày nào Artturi Ilmari Virtanen sinh?,15 Tháng 1
Albert Abraham Michelson sinh ở đâu?,Strzelno
Christian De Duve sinh ở đâu?,/Thames Ditton
Ở đâu Ahmed Zewail đã học trường lớp?,Đại Học Pennsylvania
Carol W. Greider đã đạt được giải thưởng nào từ tổ chức nào?,Giải Quốc Tế Quỹ Gairdner
Aage Bohr làm việc ở đâu?,Đại Học Copenhagen
Alan MacDiarmid qua đời ở quốc gia nào?,Hoa Kỳ
Trường Đại học nào Anne L'Huillier đã nhận học vị từ?,/École Normale Supérieure De Lettres Et Sciences Humaines
Nơi Charles K. Kao mất là đâu?,Hồng Kông
Charles K. Kao đã nhận được giải thưởng nào?,/Giải IEEE Morris N. Liebmann Memorial
Anatole France là người nổi tiếng trong lĩnh vực nào?,Nhà Văn
Nơi Charles Hard Townes làm việc là đâu?,Đại Học Michigan
Nơi nào mà Amartya Sen công tác?,Viện Công Nghệ Massachusetts
Ai là người hướng dẫn luận án tiến sĩ của Albert Abraham Michelson?,Không có người hướng dẫn tiến sĩ
Ở đâu Akira Yoshino đạt học vị của mình?,Đại Học Kyoto
Abdus Salam đã nhận được giải thưởng nào?,Giải Nguyên Tử Vì Hòa Bình
"Dưới thời Liên Xô, Ales Bialiatski sinh ở đâu?",/Karelian Autonomous Soviet Socialist Republic
Aleksandr Solzhenitsyn sinh ở đâu?,Cộng Hòa Xã Hội Chủ Nghĩa Xô Viết Liên Bang Nga
Anton Zeilinger học vấn ở trình độ nào?,/Undergraduate Education
Charles Nicolle sinh ở đâu?,Rouen
David MacMillan đạt được học vị nào?,Thạc Sĩ Khoa Học
Adam Riess làm việc ở đâu?,Đại Học Johns Hopkins
Ai đã từng được trao /Huân Chương Hughes?,/Huân Chương Hughes
Tại quốc gia nào Alfred Werner sinh ra?,Pháp
Quốc tịch của Charles J. Pedersen là gì?,Hoa Kỳ
Ở bang nào Ben R. Mottelson sinh ra?,Illinois
Barbara McClintock sinh ở bang nào?,Connecticut
Danh sách những người đoạt Giải Nobel Hóa Học bao gồm những ai?,Danh Sách Người Đoạt Giải Nobel Hóa Học
Bob Dylan đã đạt được giải thưởng nào mà không phải là giải Grammy?,Giải Nobel Văn Học
Nơi Arthur Ashkin mất là ở đâu?,"/Rumson, New Jersey"
"Ai được trao danh hiệu ""/Knight Bachelor"" dựa trên thành tích vĩ đại trong lĩnh vực y học?",/Knight Bachelor
Ai là người đã đoạt giải Nobel Văn Học?,Giải Nobel Văn Học
Albert Schweitzer mất ở quốc gia nào?,Cộng Hòa Gabon
Ai là người hướng dẫn luận án tiến sĩ của David Card?,/Orley Ashenfelter
Abhijit Banerjee đã đạt được học vị nào?,Cử Nhân
Ai đã chia sẻ Huy Chương Hughes với Antony Hewish?,/Huy Chương Hughes
Nơi Clive Granger làm việc là đâu?,"Đại Học California, San Diego"
Nơi Charles G. Dawes qua đời là ở đâu?,"Evanston, Illinois"
Nơi sinh của Ben Roy Mottelson là ở đâu?,Chicago
Quốc tịch của nhà khoa học Aaron Klug là gì?,Anh
Ai không có người hướng dẫn tiến sĩ trong quá trình nghiên cứu và viết luận án tiến sĩ?,Không có người hướng dẫn tiến sĩ
Aziz Sancar đã đạt được học vị nào?,Tiến Sĩ
Anne L'Huillier làm việc ở đâu?,Đại Học Lund
Abdus Salam đã từng làm việc tại đâu trong lĩnh vực giáo dục và nghiên cứu?,Viện Hàn Lâm Giáo Hoàng Về Khoa Học
Ở đâu Aziz Sancar đã nhận học vị của mình?,Đại Học Istanbul
Quốc tịch của nhà hóa học nổi tiếng Ahmed Zewail là gì?,Ai Cập
Anton Zeilinger sinh ra ở đâu?,/Allied-Occupied Austria
Ai là người hướng dẫn luận án tiến sĩ của Donald A. Glaser?,Không có người hướng dẫn tiến sĩ
Trường nào mà Burton Richter đã từng tham gia giảng dạy?,Học Viện Công Nghệ Massachusetts
Quốc tịch của Albert Abraham Michelson là gì?,Hoa Kỳ
Ai là người hướng dẫn luận án tiến sĩ của Brian P. Schmidt?,Không có người hướng dẫn tiến sĩ
Aleksandr Solzhenitsyn sinh ở đâu?,Kislovodsk
Albert Szent-Györgyi sinh ở đâu?,Budapest
Quốc tịch của nhà kinh tế Arthur Lewis là gì?,Vương Quốc Anh
Alexander Fleming đã đạt được giải thưởng nào trong lĩnh vực y học?,Giải Nobel Sinh Lý Và Y Khoa
Alfred Werner học tại trường đại học nào?,Đại Học Zürich
Đâu là trường đại học mà Abdus Salam từng làm việc trước khi qua đời?,Oxford
André Michel Lwoff qua đời ở đâu?,"Paris, Pháp"
Ben Roy Mottelson làm việc tại đâu?,/Viện Vật Lý Lý Thuyết Bắc Âu
Nơi nào là nơi Copernicus mất?,Frombork
Ai là nghiên cứu sinh nổi tiếng được nhắc đến cùng David MacMillan trong Triple?,/Vy Dong
Ai là người được ảnh hưởng bởi Amartya Sen?,Esther Duflo
"Albert Einstein từng nhận giải thưởng nào mà sau này được trao tặng danh hiệu ""/Viện Sỹ Viện Hàn Lâm Khoa Học Quốc Gia Hoa Kỳ""?",/Viện Sỹ Viện Hàn Lâm Khoa Học Quốc Gia Hoa Kỳ
Albert Szent-Györgyi mất ở đâu?,"/Woods Hole, Massachusetts"
Ai là người đã đoạt giải Nobel Vật Lý?,Giải Nobel Vật Lý
Burton Richter làm việc tại đâu?,Đại Học Stanford
Abdus Salam đã được trao giải thưởng nào?,/Nishan-E-Imtiaz
August Wilhelm Von Hofmann đã nhận được giải thưởng nào vào năm 1869?,/Faraday Lectureship Prize
Ai đã được trao Giải Nobel Vật Lý?,Giải Nobel Vật Lý
Arthur Ashkin mất ở tiểu bang nào?,New Jersey
Daniel Kahneman đã đạt được học vị gì?,Cử Nhân Nghệ Thuật
Đâu là danh sách những người đã đoạt giải Nobel Hóa học?,Danh Sách Người Đoạt Giải Nobel Hóa Học
Quốc tịch của Charles Thomson Rees Wilson là gì?,Scotland
Antony Hewish làm việc tại đâu?,"/Gonville And Caius College, Cambridge"
Charles K. Kao mất ở đâu?,/Sha Tin
Quốc gia nào là nơi Christian De Duve mất?,Bỉ
Albert Fert làm việc tại đâu?,/Thales (Tập Đoàn
Năm Alfred Hershey mất là năm nào?,1997
Boris Pasternak theo nghề nghiệp của ông là gì?,Nhà Văn
Trường nào Charles J. Pedersen đã tham gia học tại?,Học Viện Công Nghệ Massachusetts
David Card làm việc tại đâu?,Đại Học California Tại Berkeley
Alice Munro sinh ở đâu?,/Wingham
Trường đại học nào mà Charles K. Kao từng làm giáo sư?,Đại Học Greenwich
Ở đâu Barack Obama sinh ra?,"Honolulu, Hawaii"
Bertha Von Suttner đã nhận được giải thưởng nào vào năm 1905?,Giải Nobel Hòa Bình
Amartya Sen làm việc tại đâu?,Trường Kinh Tế London
Carolyn R. Bertozzi đã đạt được học vị nào?,Cử Nhân
Ai là những người đã đoạt Giải Nobel Sinh Lý Học Và Y Khoa?,Danh Sách Người Đoạt Giải Nobel Sinh Lý Học Và Y Khoa
Alan MacDiarmid mất vào ngày nào?,7 Tháng 2
Craig Mello đã nhận được giải thưởng nào?,Giải Quốc Tế Quỹ Gairdner
August Wilhelm Von Hofmann đã nhận được giải thưởng nào từ Royal Society Of Arts?,/Albert Medal (Royal Society Of Arts
Ai đã được trao Huân Chương Khoa Học Quốc Gia?,Huân Chương Khoa Học Quốc Gia
Arthur B. McDonald là giáo sư tại trường đại học nào?,/Dalhousie University
Ai là con cái của Bob Dylan?,/Jakob Dylan
Ai là người đã nhận Huy Chương H. C. Ørsted?,Huy Chương H. C. Ørsted
Giải thưởng nào mà Claude Simon từng đoạt trong sự nghiệp của mình?,Giải Médicis
Ai là quốc gia mà Alexander Prokhorov mất?,Nga
Annie Ernaux sinh ở đâu?,Lillebonne
Aaron Klug mất ở đâu?,Vương Quốc Liên Hiệp Anh Và Ireland
Corneille Heymans sinh ở đâu?,Flanders
Trường đại học nào mà Bert Sakmann đã giảng dạy tại?,/Đại Học Ludwig-Maximilians Tại Müchen
Trường đại học nào mà Charles Glover Barkla từng tham gia học tập?,Đại Học Cambridge
Trường Đại học nào Copernicus theo học?,/Đại Học Ferrara
Quốc gia nào là quê hương của nhà kinh tế học Arthur Lewis?,Saint Lucia
Nơi sinh của Carl David Anderson là ở đâu?,New York (Tiểu Bang
Ai đã nhận giải thưởng /Henry Marshall Tory Medal?,/Henry Marshall Tory Medal
Allvar Gullstrand sinh ra tại đâu?,Thụy Điển
Trường Đại học nào mà Ahmed Zewail từng làm việc?,/Đại Học Alexandria
Carol W. Greider làm việc tại đâu?,/Phòng Thí Nghiệm Cold Spring Harbor
Albert Einstein làm việc tại đâu?,Đại Học Princeton
Alan Turing mất ở đâu?,/Wilmslow
Nơi nào mà André Michel Lwoff đã làm việc trong một thời gian dài?,Viện Pasteur
Bertil Ohlin là người nổi tiếng trong lĩnh vực nào trước khi qua đời và để lại tác động lớn tới Hạt Jämtland?,Hạt Jämtland
Ai là người hướng dẫn luận án tiến sĩ của /Johann Jakob Müller?,/Johann Jakob Müller
Ai đã được trao Giải Comstock Vật Lý?,/Giải Comstock Vật Lý
Nơi Amartya Sen công tác là đâu?,Đại Học Oxford
Danh sách những người đã đoạt Giải Nobel Sinh lý học và Y khoa bao gồm ai?,Danh Sách Người Đoạt Giải Nobel Sinh Lý Học Và Y Khoa
Trường đại học nào mà Ben Roy Mottelson đã tham gia giảng dạy?,Đại Học Harvard
"Ai là người hướng dẫn luận án tiến sĩ của Alexander R. Todd, Baron Todd?",Robert Robinson
Ngày nào Albert Schweitzer sinh?,14 Tháng 1
Adolf Von Baeyer làm việc tại đâu?,Đại Học Ludwig Maximilian München
Ai là những người đã đoạt giải Nobel Sinh Lý Học và Y Khoa?,Danh Sách Người Đoạt Giải Nobel Sinh Lý Học Và Y Khoa
Nơi Allvar Gullstrand công tác là đâu?,Đại Học Uppsala
"Bạn biết Alexander R. Todd, Baron Todd làm việc ở đâu không?",Đại Học Edinburgh
Alan J. Heeger sinh ở đâu?,Hoa Kỳ
Danh sách những người đã đoạt Giải Nobel Sinh lý học và Y khoa bao gồm những ai?,Danh Sách Người Đoạt Giải Nobel Sinh Lý Học Và Y Khoa
Alfred Sturtevant sinh vào ngày nào?,21 Tháng 11
Năm nào Ahmed Zewail đã giành Giải thưởng?,2011
Ai là người được đề cử trong Triple Carl David Anderson - Các nghiên cứu sinh nổi tiếng - Donald A. Glaser?,Donald A. Glaser
Ai đã được trao Giải Nobel Vật Lý?,Giải Nobel Vật Lý
Abdus Salam đã nhận được giải thưởng nào mà Huy Chương Copley là một phần của nó?,Huy Chương Copley
Adolf Butenandt sinh ở đâu?,Bremerhaven
Antony Hewish sinh ở đâu?,/Fowey
Ai là triết gia mà Amartya Sen đã ảnh hưởng?,John Rawls
Ai là người nghiên cứu sinh nổi tiếng được kết nạp bởi Arnold Sommerfeld?,/Rudolf Peierls
Quốc tịch của Arthur Lewis là gì?,Đế Quốc Anh
Barry Barish đã đạt được giải thưởng nào mà được trao huy chương Henry Draper?,Huy Chương Henry Draper
Trường đại học nào mà Arieh Warshel làm việc tại?,/Technion
Năm nào Anwar Sadat mất?,1981
Ai đã được trao giải Nobel Vật Lý?,Giải Nobel Vật Lý
Trường nào mà Bert Sakmann đã theo học?,Đại Học Göttingen
C.V. Raman làm việc tại đâu?,"/Trung Tâm Cao Đẳng, Đại Học Bangalore"
Ben Roy Mottelson sinh ở bang nào?,Illinois
Ở thành phố nào Daniel Kahneman sinh ra?,Tel Aviv
Ai là người được nhắc đến trong Triple: Arnold Sommerfeld - Các nghiên cứu sinh nổi tiếng - /Paul Peter Ewald?,/Paul Peter Ewald
Craig Mello sinh ở đâu?,New Haven
Adolf Von Baeyer đã giảng dạy tại trường lớp nào?,Đại Học Humboldt Berlin
Daron Acemoglu làm việc tại đâu?,Viện Công Nghệ Massachusetts
Corneille Heymans sinh ở thành phố nào?,Gent
David MacMillan đã nhận học vị ở đâu?,Đại Học Glasgow
Nơi nào mà Arthur Ashkin công tác?,Phòng Thí Nghiệm Bell
Bertha Von Suttner sinh ở đâu?,Đế Quốc Áo
Ai đã nhận Giải Paul Ehrlich Và Ludwig Darmstaedter?,Giải Paul Ehrlich Và Ludwig Darmstaedter
Bertha Von Suttner là người nổi tiếng trong lĩnh vực nào và nổi tiếng với tư tưởng gì?,Chủ Nghĩa Hòa Bình
Vương quốc Anh đã trao giải Nobel cho Charles T. R. Wilson vào năm nào?,/Giải Của Viện Franklin
Daniel Kahneman nhận giải thưởng Nobel trong lĩnh vực nào?,/Đại Học Tufts
Alexander Fleming được trao giải thưởng nào của Hội Hoàng Gia Luân Đôn?,Hội Hoàng Gia Luân Đôn
Anatole France sinh vào năm nào?,1844
Ai đã không hướng dẫn luận án tiến sĩ của David MacMillan?,Không có người hướng dẫn tiến sĩ
Quốc gia nào là quê hương của Ahmed Zewail?,Ai Cập
Ai đã được trao Giải thưởng /Henry Draper Medal?,/Henry Draper Medal
Quốc gia nào Adolf Otto Reinhold Windaus đã mất?,Đức
Trường đào tạo nổi tiếng Christian B. Anfinsen là trường đại học nào?,Đại Học Pennsylvania
Ngày nào Abdus Salam sinh?,29 Tháng 1
Nơi sinh của Augusto Pinochet là ở đâu?,Valparaíso
Ai đã nhận Huy Chương Elliott Cresson?,/Huy Chương Elliott Cresson
Đâu là thành phố mà Claude Simon qua đời?,Paris
Claudia Goldin làm việc ở đâu?,Đại Học Pennsylvania
Amartya Sen hiện đang công tác tại đâu?,Đại Học Cornell
Albert Einstein làm việc tại thành phố nào?,Bern
Anton Zeilinger làm việc tại trường đại học nào?,Collège De France
Thành phố nào Adolf Butenandt mất?,München
Nơi sinh của Andrew Schally là đâu?,/Wilno
Albert Camus sinh ở quốc gia nào?,Algérie
Arieh Warshel sinh ở đâu?,/Sde Nahum
August Wilhelm Von Hofmann đã nhận được giải thưởng nào?,/Royal Medal
Ai là người hướng dẫn luận án tiến sĩ của Anne L'Huillier?,Không có người hướng dẫn tiến sĩ
Angus Deaton học ở đâu?,Đại Học Cambridge
Ai là người phối ngẫu của Albert Einstein?,Mileva Marić
Quốc gia nào là nơi sinh của Dominique Pire?,Bỉ
Ở thành phố nào Archer John Porter Martin sinh ra?,Luân Đôn
Nhà khoa học nào đã có ảnh hưởng lớn đến lĩnh vực vật lý học và cũng là mục sư Công giáo?,/John Polkinghorne
Ales Bialiatski đạt được học vị nào?,Bachelor Of Arts
Ai là người ảnh hưởng đến Arthur Eddington?,/Arthur Schuster
Ai là người hướng dẫn luận án tiến sĩ của David MacMillan?,/Larry E. Overman
Quốc tịch của nhà văn Claude Simon là gì?,Pháp
Ai là nữ nhà thiên văn học nổi tiếng đã làm việc cùng với Arthur Eddington?,/Cecilia Payne-Gaposchkin
Ngày nào Albert Schweitzer qua đời?,4 Tháng 9
Benjamin List có học vị gì?,Tiến Sĩ
Năm nào Alexander Prokhorov đã giành Giải thưởng?,2001
Alan J. Heeger sinh ở thành phố nào?,/Thành Phố Sioux
Danh sách những ai đã đoạt Giải Nobel Sinh Lý Học và Y Khoa là gì?,Danh Sách Người Đoạt Giải Nobel Sinh Lý Học Và Y Khoa
Barbara McClintock đã nhận được giải thưởng nào?,Giải Louisa Gross Horwitz
Charles Thomson Rees Wilson làm việc ở đâu?,Đại Học Cambridge
Alfred Sturtevant đã nhận được giải thưởng nào?,/Huy Chương Khoa Học Quốc Gia
Ai là người đã được August Wilhelm Von Hofmann đào tạo và trở thành một nhà hóa học nổi tiếng sau này?,Fritz Haber
Charles M. Rice học vị gì và làm việc tại đâu?,Viện Công Nghệ California
Alan J. Heeger làm việc tại đâu?,Đại Học California Tại Santa Barbara
Alexander Fleming đã học tại trường đại học nào?,/University Of Westminster
Danh sách người đoạt Giải Nobel Sinh Lý Học Và Y Khoa bao gồm ai?,Danh Sách Người Đoạt Giải Nobel Sinh Lý Học Và Y Khoa
Ai là người hướng dẫn luận án tiến sĩ của Ben R. Mottelson?,Julian Schwinger
Ai là người hướng dẫn luận án tiến sĩ của Charles Glover Barkla?,Joseph John Thomson
Bernardo Houssay sinh ở đâu?,Buenos Aires
"Quốc gia nào là nơi sinh của Alexander R. Todd, Baron Todd?",Scotland
Quốc tịch của nhà hóa học Ahmed Zewail là gì?,Hoa Kỳ
Ai là người được hướng dẫn luận án tiến sĩ bởi Anton Zeilinger?,/Helmut Rauch
Năm nào Albert Fert đã được trao Giải thưởng?,2006
Abdus Salam đã nhận được giải thưởng nào có tên là gì?,Huy Chương Matteucci
Charles T. R. Wilson làm việc tại đâu?,Đại Học Cambridge
Câu hỏi: Ai là người đồng nghiệp của Daniel Kahneman trong lĩnh vực các nghiên cứu nổi tiếng?,/Baruch Fischhoff
Corneille Heymans mất ở đâu?,Flanders
David MacMillan làm việc tại đâu?,"Đại Học California, Berkeley"
Quốc tịch của André Frédéric Cournand là gì?,Pháp
Quốc tịch của Ben Roy Mottelson là gì?,Hoa Kỳ
Ai là người hướng dẫn luận án tiến sĩ của Albert Fert?,/Ian Campbell
Alan MacDiarmid đã giảng dạy tại trường đại học nào?,Đại Học Wisconsin–Madison
Danh sách người đoạt giải Nobel Hóa Học là gì?,Danh Sách Người Đoạt Giải Nobel Hóa Học
Danh sách giải thưởng và đề cử của Bob Dylan,/Danh Sách Giải Thưởng Và Đề Cử Của Bob Dylan
Năm sinh của Albert Claude là bao nhiêu?,1899
Danh sách những người đoạt Giải Nobel Hóa Học bao gồm ai?,Danh Sách Người Đoạt Giải Nobel Hóa Học
Barbara McClintock sinh ở đâu?,Hoa Kỳ
Claudia Goldin làm việc tại đâu?,/Cục Nghiên Cứu Kinh Tế Quốc Gia
Anton Zeilinger làm việc tại đâu?,Học Viện Công Nghệ Massachusetts
Andrew Schally là người sinh ở đâu?,Đệ Nhị Cộng Hòa Ba Lan
Năm nào André Gide sinh ra?,1869
Ai là người sáng lập /Viện Vật Lý Lebedev?,/Viện Vật Lý Lebedev
Albert Einstein nhận được giải thưởng nào?,Huy Chương Matteucci
Anton Zeilinger làm việc tại trường Đại Học nào?,/Đại Học Kỹ Thuật Munich
Học vị của Akira Yoshino là gì?,Master Of Science
Ai là người được đề cập trong Triple: Donald A. Glaser - Phối ngẫu - /Lynn Bercovitz?,/Lynn Bercovitz
Quốc tịch của Carl David Anderson là gì?,Hoa Kỳ
Ai là người được đề cử cùng với Abram Ioffe trong danh sách các nghiên cứu sinh nổi tiếng?,Nikolay Semyonov
Ai là người có liên quan đến nghiên cứu với Abdus Salam?,/Partha Ghose
Trường học nào được Copernicus theo học?,Đại Học Bologna
Ben Feringa làm việc tại công ty nào?,Royal Dutch Shell
"Ai là người được kể đến trong Triple ""Abdus Salam - Các nghiên cứu sinh nổi tiếng - /Faheem Hussain""?",/Faheem Hussain
"Giải thưởng nào mà Arthur B. McDonald đã nhận là ""/Benjamin Franklin Medal (Franklin Institute""?",/Benjamin Franklin Medal (Franklin Institute
"Nơi công tác của Alexander R. Todd, Baron Todd là đâu?",/Đại Học Strathclyde
Nơi Charles G. Dawes sinh là ở đâu?,"Marietta, Ohio"
Arthur Lewis đã đạt được giải thưởng Nobel trong lĩnh vực nào?,Giải Nobel Kinh Tế
Abdus Salam sinh ở đâu?,Punjab
Ai là người hướng dẫn luận án tiến sĩ của Andrei Sakharov?,Igor Yevgenyevich Tamm
Nơi Amartya Sen công tác là gì?,Đại Học Cambridge
Bạn biết Abiy Ahmed đã học ở đâu trong quá khứ không?,/Đại Học Addis Ababa
Abdus Salam làm việc tại đâu?,/Đại Học Hoàng Gia London
Quốc gia nào Carl Bosch đã mất?,Đức
Dmitry Muratov sinh ở đâu?,Cộng Hòa Xã Hội Chủ Nghĩa Xô Viết Liên Bang Nga
Nơi Carol W. Greider sinh là ở đâu?,San Diego
Ai là người hướng dẫn luận án tiến sĩ của Brian P. Schmidt?,/Robert Kirshner
Abram Ioffe sinh ở đâu?,Poltava (Tỉnh Của Đế Quốc Nga
Charles Hard Townes sinh ở đâu?,/Greenville
Alan J. Heeger là giáo sư tại trường nào?,Đại Học California Tại Berkeley
Ai là người có liên quan đến Abdus Salam trong lĩnh vực nghiên cứu?,/Ghulam Murtaza
Nơi sinh của Barbara McClintock là ở đâu?,"Hartford, Connecticut"
Thành phố nào mà Ben R. Mottelson đã mất tại đó?,Copenhagen
Albert Schweitzer sinh ở đâu?,Kaysersberg
Ai đã nhận Giải Erwin Plein Nemmers Về Kinh Tế?,/Giải Erwin Plein Nemmers Về Kinh Tế
Dmitry Muratov làm nghề gì?,TV Presenter
Alan Turing làm việc tại đâu?,Đại Học Cambridge
C.V. Raman làm việc tại đâu?,/Viện Khoa Học Ấn Độ
Nơi công tác của David J. Thouless là đâu?,"Đại Học California, Berkeley"
Quốc tịch của Adolf Otto Reinhold Windaus là gì?,Đức
Quốc tịch của Burton Richter là gì?,Hoa Kỳ
Nơi Charles Glover Barkla mất là ở đâu?,Edinburgh
Abdus Salam công tác tại đâu?,Đại Học Cambridge
Albert Einstein làm việc tại đâu?,Đại Học Karl Ở Praha
Ai là người ảnh hưởng đến Arthur Eddington?,/John William Graham
Ai là người được đề cử trong Triple: Abhijit Banerjee - Các nghiên cứu sinh nổi tiếng - /Dean Karlan?,/Dean Karlan
Trường đào tạo Y Học nổi tiếng nào mà Christian B. Anfinsen từng tham gia?,/Trường Y Học Harvard
David MacMillan làm việc ở đâu?,/Trường Đại Học Princeton
Bạn biết Alfonso García Robles sinh ở đâu không?,Michoacán
Angus Deaton sinh ở đâu?,Scotland
Ai là con gái của Barack Obama?,/Sasha Obama
"Nơi Alexander R. Todd, Baron Todd làm việc là /Đại Học Bách Khoa Hatfield?",/Đại Học Bách Khoa Hatfield
Ai là người đồng nghiệp nổi tiếng của Adolf Von Baeyer?,/Carl Theodore Liebermann
Ai đã giành được /Giải Wolf Vật Lý?,/Giải Wolf Vật Lý
Quốc gia nào Adolf Butenandt sinh ra?,Đức
Thành phố nào Carl Bosch sinh ra?,Cologne
Daniel Kahneman có liên quan đến đâu?,Lãnh Thổ Uỷ Trị Palestine
Ai là người được đề cập trong Triple: Charles Thomson Rees Wilson - Các nghiên cứu sinh nổi tiếng - Cecil Frank Powell?,Cecil Frank Powell
C. V. Raman là thành viên của tổ chức nào?,/Hiệp Hội Khoa Học Ấn Độ Về Canh Tác
"Nơi Alexander R. Todd, Baron Todd mất là ở đâu?","/Oakington, Cambrigdeshire"
Abdus Salam sinh ở quốc gia nào thuộc Anh?,Ấn Độ Thuộc Anh
Ai đã được trao Giải Thưởng Nhà Nước Liên Xô?,Giải Thưởng Nhà Nước Liên Xô
Ai là người được ảnh hưởng bởi Amartya Sen?,/Robin Hahnel
Dennis Gabor nhận giải thưởng nào?,/Huân Chương Danh Dự IEEE
Albert Einstein đã nhận được giải thưởng nào vì đóng góp xuất sắc cho khoa học?,/Barnard Medal For Meritorious Service To Science
Câu hỏi: Ai là người hướng dẫn luận án tiến sĩ của Arthur Lewis?,/Arnold Plant
Charles T. R. Wilson đã qua đời ở đâu?,Scotland
Ai là /Ruth Bonnie Thompson?,/Ruth Bonnie Thompson
Abdus Salam đã đạt được danh hiệu nào trong lĩnh vực Vật Lý?,Giải Nobel Vật Lý
Ai đã được trao Giải thưởng Huân Chương Elliott Cresson?,/Huân Chương Elliott Cresson
Alan J. Heeger làm việc tại đâu?,Đại Học Pennsylvania
Akira Yoshino làm việc tại công ty nào?,/Asahi Kasei
Nơi Abdus Salam công tác là đâu?,/Trung Tâm Vật Lý Lý Thuyết Quốc Tế
Đâu là nơi sinh của André-Louis Debierne?,Paris
Albert Abraham Michelson đã nhận được giải thưởng nào?,Huy Chương Matteucci
Ai là người hướng dẫn luận án tiến sĩ của Ben Roy Mottelson?,Julian Schwinger
Quốc gia nào là quê hương của Alan MacDiarmid?,New Zealand
Quốc gia nào là quê hương của Daniel Kahneman?,Israel
Nơi Albert Einstein công tác là /Văn Phòng Sáng Chế Thụy Sĩ?,/Văn Phòng Sáng Chế Thụy Sĩ
Danh sách những người đoạt Giải Nobel Sinh lý học và Y khoa bao gồm ai?,Danh Sách Người Đoạt Giải Nobel Sinh Lý Học Và Y Khoa
Ở thành phố nào Alfred G. Gilman sinh ra?,"New Haven, Connecticut"
Ai là nơi sinh của Ales Bialiatski?,/Vyartsilya
Tại bang nào Christian B. Anfinsen mất?,Maryland
André Michel Lwoff sinh ở đâu?,Ainay-Le-Château
"Giải thưởng nào mà Alice Munro từng giành là ""/Giải Của Toàn Quyền Canda""?",/Giải Của Toàn Quyền Canda
Ai đã được trao giải thưởng Albert Claude?,Giải Paul Ehrlich Và Ludwig Darmstaedter
Khi nào Donald A. Glaser được trao giải thưởng?,1961
Ai đã được trao Giải thưởng /Nobel Peace Prize?,/Nobel Peace Prize
Quốc tịch của Daniel Kahneman là gì?,Israel
Con của Aleksandr Solzhenitsyn tên là ai?,/Ignat Solzhenitsyn
Alan MacDiarmid mất ở tiểu bang nào?,Pennsylvania
Bạn đã học ở trường nào mà Albrecht Kossel từng là giáo sư?,Đại Học Strasbourg
Ai là người hướng dẫn luận án tiến sĩ của Charles Glover Barkla?,/Oliver Lodge
Ai là người đồng sáng lập với Abhijit Banerjee của tổ chức nghiên cứu nổi tiếng J-PAL?,Esther Duflo
Ở thành phố nào Alexander Prokhorov sinh ra?,"/Atherton, Queensland"
Ngày nào Anatole France sinh?,16 Tháng 4
Người nào đã hướng dẫn luận án tiến sĩ của Albert Fert?,Không có người hướng dẫn tiến sĩ
Ai là người hướng dẫn tiến sĩ của Alan J. Heeger?,Không có người hướng dẫn tiến sĩ
Ai đã được trao Giải thưởng Lars Onsager Prize?,/Lars Onsager Prize
Trường đại học nào mà Arthur B. McDonald từng làm việc tại?,Caltech
Ngày nào Anatole France mất?,12 Tháng 10
Alexander Fleming sinh ở đâu?,/Ayrshire
Christian De Duve sinh ở đâu?,Surrey
Andre Geim đã giành được giải thưởng nào?,/Giải EuroPhysics
Amartya Sen làm việc tại đâu?,Đại Học Harvard
Nơi sinh của Alfred Sturtevant là ở đâu?,"Jacksonville, Illinois"
Trường nào mà Alan Turing đã từng công tác?,/Trường Mật Mã Chính Phủ Anh
Ai là những người đã đoạt giải Nobel Sinh Lý Học Và Y Khoa?,Danh Sách Người Đoạt Giải Nobel Sinh Lý Học Và Y Khoa
Luận án của Carl David Anderson là gì?,Luận án tiến sĩ
Đất nước nào đã chứng kiến sự mất của nhà nhà hoạt động nhân quyền nổi tiếng Andrei Sakharov?,Liên Xô
Học vị của Abhijit Banerjee là gì?,Doctor Of Philosophy
Ai là người cộng tác cùng August Wilhelm Von Hofmann trong các nghiên cứu nổi tiếng?,/Ferdinand Tiemann
Quốc tịch của Albrecht Kossel là gì?,Đức
Alan MacDiarmid làm việc tại đâu?,/Đại Học Texas Tại Dallas
Ai đã giành Giải Khoa Học Thế Giới Albert Einstein?,Giải Khoa Học Thế Giới Albert Einstein
Arthur Lewis làm việc ở đâu?,Đại Học Manchester
Quốc gia nào là quê hương của Aaron Ciechanover?,Palestine
Quốc tịch của Aaron Ciechanover là gì?,Israel
Ai đã giành được Giải Nobel?,Giải Nobel
Michael Duff tham gia vào lĩnh vực nghiên cứu nào?,/Michael Duff
Carolyn R. Bertozzi làm thay đổi lĩnh vực nào trong ngành hóa học?,/Kristi Kiick
Ai là phối ngẫu của Albert Szent-Györgyi?,/June Susan Wichterman
Ai là bạn đồng nghiệp nổi tiếng của August Wilhelm Von Hofmann?,/Adolf Pinner
Năm nào Ahmed Zewail đã giành Giải thưởng?,2006
Ai là người hướng dẫn luận án tiến sĩ của Anne L'Huillier?,Bernard Cagnac
Ai là người hướng dẫn luận án tiến sĩ của Abhijit Banerjee?,Eric Maskin
"Ai là người được đề cử trong Triple ""Carolyn R. Bertozzi - Các nghiên cứu sinh nổi tiếng - /Howard Hang""?",/Howard Hang
Ai là người được ảnh hưởng bởi Amartya Sen?,/Ben Fine
Ai là người phối ngẫu của Bob Dylan?,/Carolyn Dennis
"Albert Einstein đã từng đoạt giải thưởng nào trong danh sách sau: Nobel, Huy Chương Copley, Fields, Turing?",Huy Chương Copley
Bertil Ohlin sinh ở đâu?,"/Klippan, Scania"
André Michel Lwoff làm việc tại đâu?,Viện Pasteur
Arnold Sommerfeld đã nhận được giải thưởng nào liên quan đến Max Planck?,Huy Chương Max Planck
Allvar Gullstrand là người sinh ở quốc gia nào?,Thụy Điển
Anwar Sadat qua đời ở thành phố nào?,Cairo
Ai là người hướng dẫn luận án tiến sĩ của Ferdinand Von Lindemann?,Ferdinand Von Lindemann
Ai là những người đã đoạt giải Nobel Hóa Học?,Danh Sách Người Đoạt Giải Nobel Hóa Học
Quốc gia nào là quê hương của Abdus Salam?,Pakistan
Aage Bohr làm việc tại dự án nào?,Dự Án Manhattan
Arthur B. McDonald làm việc tại trường đại học nào?,/Queen'S University
Ở bang nào Alfred Hershey sinh ra?,Michigan
Aziz Sancar đã đạt được học vị gì?,Bác Sĩ
Alan Turing được trao tặng danh hiệu nào từ Phụ thủ tướng Anh?,Huân Chương Đế Quốc Anh
Arthur Ashkin sinh ở đâu?,Hoa Kỳ
Ai là người được ảnh hưởng bởi August Kekulé?,/Auguste Laurent
Ardem Patapoutian làm việc tại đâu?,/Scripps Research
Ai đã giành /Giải Của Viện Franklin?,/Giải Của Viện Franklin
Trường Đại Học nào mà Donald A. Glaser đã tham dự?,/Đại Học Tây Case
Alexis Carrel sinh ở đâu?,Sainte-Foy-Lès-Lyon
Ai là người ảnh hưởng đến Amartya Sen?,John Maynard Keynes
Quốc tịch của nhà vật lý Ben R. Mottelson là gì?,Đan Mạch
Ai là nhà hóa học nổi tiếng được liên kết với Adolf Von Baeyer?,/John Ulric Nef (Nhà Hóa Học
Danh sách những người đã đoạt Giải Nobel Hóa Học là gì?,Danh Sách Người Đoạt Giải Nobel Hóa Học
"Bạn có thể cung cấp một câu hỏi tiếng Việt ngắn mà câu trả lời là ""Https://Www.Worldcat.Org/Title/Stereocontrolled-Formation-Of-Bicyclic-Tetrahydrofurans-And-Enantioselective-Total-Synthesis-Of-Eunicellin-Diterpenes/Oclc/35966904""?",Https://Www.Worldcat.Org/Title/Stereocontrolled-Formation-Of-Bicyclic-Tetrahydrofurans-And-Enantioselective-Total-Synthesis-Of-Eunicellin-Diterpenes/Oclc/35966904
Ai là người được đề cử trong Triple: August Wilhelm Von Hofmann - Các nghiên cứu sinh nổi tiếng - /Karl Friedrich Von Auwers?,/Karl Friedrich Von Auwers
Andre Geim đã từng đoạt giải thưởng nào?,/Giải Mott
Trường đại học nào mà Alexander Fleming đã học tại đó?,/Imperial College London
Năm nào Donald A. Glaser được trao Giải Nobel Vật lý cho công trình về phối ngẫu?,1975
Ai là con cái của Albert Einstein?,Hans Albert Einstein
Albrecht Kossel đã từng giảng dạy tại trường lớp nào?,/Đại Học Rostock
Arthur Lewis là giáo sư tại trường đại học nào?,/Trường Kinh Tế London
Quốc gia nào là quê hương của Akira Yoshino?,Nhật Bản
Ai là người hướng dẫn tiến sĩ của Abram Ioffe?,Không có người hướng dẫn tiến sĩ
Ai là quê hương của Andrei Sakharov?,Cộng Hòa Xã Hội Chủ Nghĩa Xô Viết Liên Bang Nga
Ai đã được trao Giải Nobel Vật Lý?,Giải Nobel Vật Lý
"Năm nào Alexander R. Todd, Baron Todd đã giành giải thưởng?",1970
Annie Ernaux đã học tại trường đại học nào?,/Đại Học Rouen
Nơi sinh của Aaron Ciechanover là ở đâu?,Haifa
Ai là con trai thứ hai của Albert Einstein?,"Gia Đình Einstein#Eduard ""Tete"" Einstein (Con Trai Thứ Hai Của Einstein"
Bạn muốn biết nguồn gốc của luận án của Anne L'Huillier?,Https://Www.Theses.Fr/1986PA066268
Ai là người đã được trao Huân Chương Lenin với danh hiệu Giải thưởng Abram Ioffe?,Huân Chương Lenin
Alan J. Heeger đã nhận được giải thưởng nào?,Giải Balzan
Andrew Schally đã nhận được giải thưởng nào?,Giải Albert Lasker Cho Nghiên Cứu Y Học Cơ Bản
"Ngày Alexander R. Todd, Baron Todd sinh là ngày nào?",2 Tháng 10
Abhijit Banerjee đã học vị ở đâu?,"/Presidency College, Kolkata"
Annie Ernaux học ở đâu?,Đại Học Bordeaux
Burton Richter sinh ở đâu?,Thành Phố New York
Abiy Ahmed sinh ở tỉnh nào?,/Tỉnh Kaffa
Alan Turing làm việc ở đâu?,Phòng Thí Nghiệm Vật Lý Quốc Gia
Carol W. Greider nhận giải thưởng nào?,Giải Louisa Gross Horwitz
Ở đâu Alan Greenspan sinh ra?,Thành Phố New York
Martha Nussbaum là ai?,/Martha Nussbaum
Trường đại học nào mà Alfred Werner đã giảng dạy?,ETH Zürich
Ai là người đồng sáng lập với Abhijit Banerjee trong phương pháp nghiên cứu phối ngẫu?,Esther Duflo
Bạn biết trường nào mà Donald A. Glaser đã tham gia không?,/Trường Kỹ Thuật Case
Albert Schweitzer đã được vinh danh bằng giải thưởng nào?,Giải Nobel Hòa Bình
Quốc tịch của Bernardo Houssay là gì?,Argentina
Ai là sinh viên nổi tiếng của Arnold Sommerfeld?,/Walter Heitler
Adolf Butenandt làm việc tại đâu?,/Viện Hóa Sinh Max Planck
Ai là người sinh ra Charles Glover Barkla?,Anh
Carl Bosch đã đoạt giải thưởng nào mà được coi là một trong những giải thưởng danh giá nhất tại Đức?,Giải Goethe
Albert Fert sinh ở đất nước nào?,Pháp
Ai là quốc gia mà Cyril Norman Hinshelwood sinh ra?,Anh
Ai là người đã ảnh hưởng đến Albert Einstein?,Hendrik Lorentz
Ai là người đã được trao Huy Chương Eddington?,Huy Chương Eddington
David Hume sinh vào năm nào theo lịch /New Style?,/New Style
Amartya Sen đã từng đoạt giải thưởng nào mà không phải là Giải Nobel Kinh Tế?,Giải Nobel Kinh Tế
Albert Fert đã nhận giải thưởng nào trong lĩnh vực Vật lý?,Giải Wolf Vật Lý
Albrecht Kossel sinh vào năm nào?,1853
Nơi Baron Todd công tác là đâu?,Đại Học London
Sinh nhật của Anwar Sadat là vào ngày nào trong năm?,25 Tháng 12
Abiy Ahmed đã đạt được bằng cấp nào trong lĩnh vực giáo dục?,Doctor Of Philosophy
Albert Einstein đã từng công tác tại đâu?,Đại Học Oxford
Charles Glover Barkla sinh ở đâu?,/Widnes
Boris Pasternak sinh vào năm nào?,1890
Ai là người được biết đến với các nghiên cứu sinh hóa nổi tiếng và có mối quan hệ với Adolf Von Baeyer?,Hermann Emil Fischer
Ai là người có liên quan đến Charles J. Pedersen và sinh tại Đế Quốc Đại Hàn?,Đế Quốc Đại Hàn
Ai là con trai của Bob Dylan?,/Jesse Dylan
Quốc tịch của Alfred Sturtevant là gì?,Mỹ
Albert Camus học tại trường nào?,/Đại Học Algiers
Ai là người cộng tác với Abdus Salam trong các nghiên cứu nổi tiếng?,/Ghulam Dastagir Alam
Dennis Gabor làm việc tại công ty nào?,/British Thomson-Houston
Barbara McClintock đã nhận giải thưởng nào mà Huy Chương Thomas Hunt Morgan cũng từng được vinh danh?,Huy Chương Thomas Hunt Morgan
Ai là nơi công tác của Ada Yonath?,/Viện Khoa Học Weizmann
Quốc tịch của Clifford Shull là gì?,Hoa Kỳ
Dan Shechtman sinh ở thành phố nào?,Tel Aviv
Burton Richter làm việc tại đâu?,/Stanford Linear Accelerator Center
Ai là người được đề cử cho giải Nobel Vật lý vào năm 1936 cùng với Carl David Anderson?,/James C. Fletcher
Anwar Sadat sinh ở tỉnh nào?,/Monufia
August Kekulé đã giảng dạy tại trường lớp nào?,/Đại Học Ghent
Trường đại học nào mà Andrei Sakharov từng giảng dạy tại?,Đại Học Quốc Gia Moscow
Ai là người được đề cử giải Nobel Vật lý vào năm 1974?,Anh
Danh sách các người đoạt giải Nobel Sinh lý học và Y khoa bao gồm ai?,Danh Sách Người Đoạt Giải Nobel Sinh Lý Học Và Y Khoa
Quốc tịch của nhà khoa học Albert Szent-Györgyi là gì?,Hungary
Arnold Sommerfeld đã nhận được giải thưởng nào có tên là gì?,Huy Chương Lorentz
Nơi công tác của Albert Einstein là đâu?,Viện Công Nghệ California
Trường học nào Arnold Sommerfeld đã tham gia giảng dạy tại?,/Đại Học Königsberg
Quốc tịch của Daron Acemoglu là gì?,Hoa Kỳ
Ai là người hướng dẫn luận án tiến sĩ của Andrei Sakharov?,Không có người hướng dẫn tiến sĩ
Abiy Ahmed đã học tại trường đại học nào?,/Đại Học Ashland
André Michel Lwoff làm việc tại đâu?,/Max Planck Institute For Medical Research
David MacMillan sinh ở đâu?,Scotland
Nhà phê bình xã hội và triết gia người Ấn Độ nào đã ảnh hưởng đến Amartya Sen?,B. R. Ambedkar
Ahmed Zewail đã đạt được giải thưởng nào?,Giải Nobel Hóa Học
Ai không có người hướng dẫn tiến sĩ?,Không có người hướng dẫn tiến sĩ
Albert Claude là người nước nào?,Bỉ
Carol W. Greider công tác tại đâu?,Đại Học Johns Hopkins
"Trường đại học nào mà Alexander R. Todd, Baron Todd từng làm giáo sư?",Đại Học Glasgow
Bạn biết thành phố nào Artturi Ilmari Virtanen sinh ra không?,Helsinki
Quốc tịch của Ahmed Zewail là gì?,Hoa Kỳ
Quốc gia nào Austen Chamberlain sinh?,England
Ai là nguồn ảnh hưởng lớn đối với Amartya Sen?,Rabindranath Tagore
Nơi công tác của Albert Fert là gì?,/Đại Học Paris-Sud 11
Ai là người hướng dẫn luận án tiến sĩ của Albert Abraham Michelson?,Hermann Helmholtz
Năm nào Charles Nicolle mất?,1936
Arthur Lewis qua đời ở đâu?,"Saint Michael, Barbados"
Quốc tịch của nhà khoa học Arthur Ashkin là gì?,Hoa Kỳ
Craig Mello sinh ở tiểu bang nào?,Connecticut
Ben Feringa sinh ra ở đâu?,/Barger-Compascuum
Adam Riess đã đo lường các thông số nào để giành được Giải Shaw?,Giải Shaw
Dario Fo sinh ra ở quốc gia nào?,Ý
Abdulrazak Gurnah đã đạt được giải thưởng nào nổi bật trong lĩnh vực văn chương?,Giải Nobel Văn Chương
Ai là người hướng dẫn luận án tiến sĩ của Carl David Anderson?,Không có người hướng dẫn tiến sĩ
David J. Thouless mất ở đâu?,Cambridge
Ai là người phối ngẫu của Andrei Sakharov?,/Klavdia Alekseyevna Vikhireva
Ai là người có ảnh hưởng đến Amartya Sen?,/Peter Bauer
"Nơi nào mà Alexander R. Todd, Baron Todd đã công tác?",Đại Học Cambridge
Albert Einstein mất ở đâu?,Mỹ
Quốc tịch của Adam Riess là gì?,Hoa Kỳ
"Quốc tịch của Alexander R. Todd, Baron Todd là gì?",Anh
Nơi công tác của Charles Glover Barkla là gì?,/Cao Đẳng King London
Ai là người được ảnh hưởng bởi Amartya Sen?,/Kotaro Suzumura
Quốc tịch của Alexander Prokhorov là gì?,Nga
Anton Zeilinger làm việc tại trường đại học nào?,/Đại Học Vienna
Angus Deaton làm việc tại đâu?,Đại Học Princeton
Ai đã được trao Giải Nobel Vật Lý?,Giải Nobel Vật Lý
Alexis Carrel sinh ở đâu?,"Rhône, Rhône-Alpes"
Nơi công tác của Arieh Warshel là gì?,University Of Southern California
Năm nào André Frédéric Cournand mất?,1988
Câu hỏi: Ai là người cộng tác với Daniel Kahneman trong nghiên cứu?,/Anat Ninio
Einstein làm việc ở đâu?,/Đại Học Bern
Quốc tịch của Carl Bosch là gì?,Đức
Ales Bialiatski sinh ở đâu?,Nga
Abiy Ahmed đã tốt nghiệp ở trường đại học nào?,Đại Học Greenwich
Alice Munro đã điều tra về sự mất mát ở đâu?,/Port Hope
Bạn muốn biết trường đại học nào mà Copernicus đã theo học không?,Đại Học Jagiellonia
Bạn có thể cung cấp đường link đến luận án của Antony Hewish không?,Http://Ulmss-Newton.Lib.Cam.Ac.Uk/Vwebv/HoldingsInfo?BibId=35256
Nơi Charles J. Pedersen sinh là thành phố nào?,Busan
Corneille Heymans làm việc tại đâu?,/Đại Học Ghent
Ở đâu Anne L'Huillier sinh?,Paris
Aleksandr Solzhenitsyn đã đạt được giải thưởng nổi bật nào?,Giải Thưởng Nhà Nước Liên Bang Nga
Arieh Warshel là giáo sư tại trường đại học nào?,/Weizmann Institute Of Science
Quốc tịch của nhà khoa học Abdus Salam là gì?,Pakistan
Aziz Sancar sinh ra ở đất nước nào?,Thổ Nhĩ Kỳ
Năm nào Charles Nicolle sinh?,1866
Thành phố nào Alfred Werner sinh ra?,Mulhouse
Amartya Sen làm việc tại đâu?,"Đại Học California, Berkeley"
Abdus Salam sinh vào năm nào?,1926
Albert Fert là giáo sư tại trường nào?,/Đại Học Paris-Sud 11
Thành phố nào mà Clifford Shull sinh ra?,Pittsburgh
Abdus Salam học tại trường nào?,"/Cao Đẳng Saint John, Cambridge"
"Bạn biết thành phố nào là nơi sinh của Alexander R. Todd, Baron Todd không?",Glasgow
Alfred Kleiner làm việc tại đâu?,Đại Học Zürich
Ai là người được ảnh hưởng bởi Arnold Sommerfeld?,/Léon Brillouin
Nơi Donald A. Glaser mất là ở đâu?,"Berkeley, California"
Charles G. Dawes học tại trường đại học nào?,/Đại Học Cincinnati
Danh sách người đoạt Giải Nobel Sinh lý học và Y khoa bao gồm những ai?,Danh Sách Người Đoạt Giải Nobel Sinh Lý Học Và Y Khoa
Ở thành phố nào Ben R. Mottelson sinh ra?,Chicago
Andre Geim làm việc tại đâu?,Đại Học Manchester
Brian P. Schmidt học tại trường đại học nào?,Đại Học Harvard
Ai là người hướng dẫn tiến sĩ của August Wilhelm Von Hofmann?,Không có người hướng dẫn tiến sĩ
Alice Munro đã từng đoạt giải thưởng văn học nổi bật nào?,Giải Nobel Văn Học
Trường đại học nào mà Antony Hewish từng làm việc tại?,Đại Học Cambridge
Quốc tịch của Carl Bosch là gì?,Đức
Học vị của David MacMillan là gì?,Cử Nhân Khoa Học
Đâu là giải thưởng danh giá dành cho phụ nữ trong lĩnh vực khoa học mà Anne L'Huillier từng nhận được?,/Giải Thưởng L'Oréal-UNESCO Dành Cho Phụ Nữ Trong Khoa Học
Quốc tịch của nhà hóa học nổi tiếng Benjamin List là gì?,Đức
Ai đã giành được Giải Smith?,/Giải Smith
Daniel Kahneman có học vị gì?,/Thạc Sĩ Nghệ Thuật
Alan Turing làm việc tại đâu?,Đại Học Manchester
Nơi sinh của Angus Deaton là ở đâu?,Edinburgh
Ai là người hướng dẫn tiến sĩ của Alfred Sturtevant?,Không có người hướng dẫn tiến sĩ
"Ai là người đã được gọi là ""/Vikram Sarabhai Ambalal""?",/Vikram Sarabhai Ambalal
Trường đại học nào Brian Kobilka đã tham gia giảng dạy tại?,"/Đại Học Minnesota, Duluth"
Ở đâu David MacMillan đã nhận học vị của mình?,"Đại Học California, Irvine"
Arthur Eddington đã từng được trao giải thưởng nào?,/Order Of Merit
Ai là người được ảnh hưởng bởi August Wilhelm Von Hofmann?,/William Henry Perkin
Albert Abraham Michelson làm việc tại đâu?,/Đại Học Clark
Ở đâu Charles Glover Barkla sinh ra?,Cheshire
Ai là người hướng dẫn luận án tiến sĩ của David Julius?,Randy Schekman
Albert Einstein đã làm việc tại đâu?,Đại Học Berlin Humboldt
Arthur Amos Noyes đã học tại trường đại học nào?,Đại Học Leipzig
Ai đã được trao Giải thưởng Charles K. Kao?,/Huân Chương Faraday
André-Louis Debierne mất ở quốc gia nào?,Pháp
Ai là phối ngẫu của Albert Szent-Györgyi?,/Marcia Houston
Carolyn R. Bertozzi đã đạt được giải thưởng nào?,/Giải Heinrich Wieland
Ai là người đầu tiên đoạt giải Nobel Kinh tế năm 2015?,Anh
Năm nào Albert Schweitzer mất đi?,1965
David MacMillan đạt được học vị nào?,/Tiến Sĩ Triết Học
Andre Geim đã từng giành giải thưởng nào?,Giải Ig Nobel
Abram Ioffe sinh ở đế quốc nào?,Đế Quốc Nga
C.V. Raman làm việc tại bộ nào ở Ấn Độ?,/Bộ Tài Chính Ấn Độ
Anne L'Huillier được trao giải thưởng nào trong lĩnh vực Vật Lý?,Giải Nobel Vật Lý
Quốc tịch của Dan Shechtman là gì?,Israel
"Ai là người đã nhận ""Giải Khoa Học Thế Giới Albert Einstein""?",Giải Khoa Học Thế Giới Albert Einstein
Danh sách những người đã giành Giải Nobel trong lĩnh vực Sinh lý học và Y khoa là gì?,Danh Sách Người Đoạt Giải Nobel Sinh Lý Học Và Y Khoa
Nơi sinh của Arthur Ashkin là ở đâu?,"Brooklyn, New York"
Anne L'Huillier học vị ở đâu?,Đại Học Sorbonne
Clifford Shull mất ở tiểu bang nào?,Massachusetts
Alfred Sturtevant học tại trường đại học nào?,Đại Học Columbia
Alfred Werner làm việc ở đâu?,Đại Học Zürich
Alfred Werner sinh ở đâu?,Alsace
Benjamin List làm việc tại đâu?,Đại Học Hokkaido
Đất nước nào là quê hương của nhà khoa học Chen Ning Yang?,Trung Quốc
Nơi Andrei Sakharov sinh là ở đâu?,Moskva
Claudia Goldin đã đạt giải thưởng nào?,/Giải IZA Về Kinh Tế Lao Động
Adam Riess đã nhận được giải thưởng nào?,Huy Chương Albert Einstein
Ai là người hướng dẫn luận án tiến sĩ của Adolf Von Baeyer?,August Kekulé
Năm nào Albert Fert đã giành Giải thưởng?,2003
Charles G. Dawes học vị gì trong lĩnh vực giáo dục?,Bachelor Of Arts
Andre Geim làm việc tại đâu?,"/Viện Vật Lý Chất Rắn, Viện Hàn Lâm Khoa Học Nga"
Albert Abraham Michelson sinh ở đâu?,Vương Quốc Phổ
Daniel Kahneman học vị của ông là gì?,"Đại Học California, Berkeley"
Antony Hewish làm việc ở đâu?,Phòng Thí Nghiệm Cavendish
August Wilhelm Von Hofmann qua đời ở đâu?,Berlin
Bạn từ đâu?,Zamora
Giải thưởng nào mà Carolyn R. Bertozzi đã nhận được trong lĩnh vực Hóa học?,/Welch Award In Chemistry
Ai là người ảnh hưởng đến Amartya Sen trong lĩnh vực triết học và triết lý?,/Martha Nussbaum
Ai đã được trao Giải Nobel Vật Lý?,Giải Nobel Vật Lý
Thành phố nào là nơi sinh của Abhijit Banerjee?,Mumbai
Abdulrazak Gurnah sinh ở đâu?,/Sultanate Of Zanzibar
Ai đã giành Giải Wolf Về Hóa Học?,Giải Wolf Về Hóa Học
Amartya Sen sinh ở đâu?,Ấn Độ Thuộc Anh
Ai là người đã giành được Giải Isaac Newton?,/Giải Isaac Newton
Nơi Albert Einstein sinh ra là đâu?,Ulm
Ai là Các nghiên cứu sinh nổi tiếng được đề cử trong Triple: Charles Hard Townes - Các nghiên cứu sinh nổi tiếng - /Robert Boyd?,/Robert Boyd
Ai là người hướng dẫn luận án tiến sĩ của David Julius?,/Jeremy Thorner
Ai đã được trao Giải Nobel Vật Lý?,Giải Nobel Vật Lý
Quốc tịch của Alan J. Heeger là gì?,Hoa Kỳ
"Ai là người được đề cập trong Triple ""Abdus Salam - Các nghiên cứu sinh nổi tiếng - Walter Gilbert""?",Walter Gilbert
Arthur Eddington đã được trao giải thưởng nào?,/Bruce Medal
Ai là người nghiên cứu nổi tiếng trong Triple: Abdus Salam - Các nghiên cứu sinh nổi tiếng - /Abdul Hameed Nayyar?,/Abdul Hameed Nayyar
Quốc tịch của Alan Greenspan là gì?,Hoa Kỳ
Adolf Von Baeyer làm việc ở đâu?,Đại Học Kỹ Thuật Berlin
"Bạn biết Alexander R. Todd, Baron Todd làm việc tại đâu không?",Đại Học Manchester
Bạn biết nơi sinh của Bertram Brockhouse là ở đâu không?,Alberta
Ai là người mà Amartya Sen ảnh hưởng tới?,/Jean Drèze
Ai là người đã được Alfred Werner công nhận là một trong những nghiên cứu sinh nổi tiếng trong lĩnh vực hóa học?,Paul Karrer
Quốc tịch của Charles T. R. Wilson là gì?,Scotland
Ai là người được hướng dẫn luận án tiến sĩ bởi Arthur Amos Noyes?,Wilhelm Ostwald
Ai đã giành Giải Demidov trong lĩnh vực nào?,Giải Demidov
Ai là người cộng tác với Carolyn R. Bertozzi trong lĩnh vực nghiên cứu?,/Lara Mahal
David MacMillan đang làm việc ở đâu?,Đại Học Harvard
Ahmed Zewail làm việc tại đâu?,Viện Công Nghệ California
Trường Đại học nào mà August Wilhelm Von Hofmann là giáo sư tại đó?,/Đại Học Giessen
Amartya Sen sinh ra ở đâu?,/Bengal Presidency
Daniel Kahneman đã nhận giải thưởng nào?,/Giải Thưởng Leontief
Charles G. Dawes đã đạt được bằng cấp nào trong lĩnh vực giáo dục?,/Bachelor Of Laws
Ai là người cộng tác với Abdus Salam trong các nghiên cứu nổi tiếng?,/Robert Delbourgo
Ai là người hướng dẫn luận án tiến sĩ cho Alfred Sturtevant?,Thomas Hunt Morgan
Ai là người đầu tiên phát hiện ra tín hiệu từ ngôi sao nơi vũ trụ không gian?,Anh
Ai là người đã làm việc cùng Albrecht Kossel trong các nghiên cứu sinh nổi tiếng?,/Edwin B. Hart
Đâu là nơi công tác của Daniel Kahneman?,/Trung Tâm Nghiên Cứu Cấp Cao Về Khoa Học Hành Vi
Alan J. Heeger sinh ở tiểu bang nào?,Iowa
Ai đã được trao Huy Chương Leeuwenhoek?,Huy Chương Leeuwenhoek
Năm nào Ahmed Zewail đã nhận Giải thưởng?,1998
Craig Mello đã giành được giải thưởng nào từ Viện Hàn Lâm Khoa Học Quốc Gia Hoa Kỳ?,Giải Sinh Học Phân Tử Của Viện Hàn Lâm Khoa Học Quốc Gia Hoa Kỳ
Ai là người đã ảnh hưởng đến Amartya Sen?,Karl Marx
Quốc tịch của Antony Hewish là gì?,Vương Quốc Anh
Albert Schweitzer đã từng dạy môn gì tại trường lớp?,Thần Học
Ai là người đã làm việc với Arnold Sommerfeld trong lĩnh vực nghiên cứu?,/Wilhelm Lenz
Amartya Sen làm việc ở đâu?,/Đại Học Jadavpur
Arnold Sommerfeld được trao giải thưởng nào?,Huy Chương Matteucci
Trường đại học nào mà Alfred Kastler từng làm giáo sư tại đó?,/École Normale Supérieure
Ai là người đã giành Giải Charles Stark Draper?,/Giải Charles Stark Draper
"Ai là người hướng dẫn luận án tiến sĩ của Alexander R. Todd, Baron Todd?",/Walter Borsche
Clive Granger làm việc ở đâu?,Đại Học Nottingham
"Nơi Alexander R. Todd, Baron Todd sinh là đâu?","/Cathcart, Glasgow"
Nơi Albert Einstein công tác là đâu?,Viện Hàn Lâm Khoa Học Phổ
Alfred Kastler sinh ở đâu?,Guebwiller
Quốc tịch của Alfred Kleiner là gì?,Switzerland
Alan Turing mất ở đâu?,Cheshire
"Trường đại học nào mà Alexander R. Todd, Baron Todd từng tham gia giảng dạy?",/Đại Học Frankfurt Am Main
Ai là người hướng dẫn luận án tiến sĩ của Adolf Von Baeyer?,/Robert Wilhelm Bunsen
Andrei Sakharov đã được trao giải thưởng nào?,Anh Hùng Lao Động Xã Hội Chủ Nghĩa
Ai là những người đã đoạt Giải Nobel Hóa Học?,Danh Sách Người Đoạt Giải Nobel Hóa Học
Ai đã được trao Giải Adams?,/Giải Adams
Nơi sinh của Donald A. Glaser là ở đâu?,"Cleveland, Ohio"
Bạn có biết Ales Bialiatski học vị ở đâu không?,/Francisk Skorina Gomel State University
Quốc tịch của Charles G. Dawes là gì?,Hoa Kỳ
Nơi công tác của Abdus Salam là gì?,/Học Viện Khoa Học Thế Giới
Ben R. Mottelson đã từng giảng dạy tại đâu?,Đại Học Purdue
Albert Abraham Michelson làm việc tại đâu?,Đại Học Chicago
Charles M. Rice học vị ở đâu?,Đại Học California Tại Davis
"Arthur Lewis, người nổi tiếng với lĩnh vực nào, đã từng làm việc tại đâu?",Đại Học Princeton
Ai là người thầy học của Arnold Sommerfeld?,/Heinrich Welker
Ở đâu Alexander Prokhorov sinh ra?,Queensland
Anton Zeilinger sinh ở đâu?,Ried Im Innkreis
Antony Hewish học vị gì?,"/King'S College, Taunton"
Ở đâu Abram Ioffe sinh ra?,Romny
Ai là người thân thiết nhất với Alan Turing trong số các nghiên cứu sinh nổi tiếng?,/Robin Gandy
Brian P. Schmidt sinh ở đâu?,"/Missoula, Montana"
Năm nào Alfred Sturtevant sinh ra?,1891
Avram Hershko sinh ở đâu?,Karcag
Năm sinh của nhà khoa học C. V. Raman là bao nhiêu?,1888
Trường đại học nào Clifford Shull từng làm giáo sư tại?,Đại Học New York
August Krogh làm việc ở đâu?,Đại Học Copenhagen
Angus Deaton học tại trường đại học nào?,"/Fitzwilliam College, Cambridge"
Ở đâu Alfred Kleiner sinh?,Zürich
"Ai là người hướng dẫn luận án tiến sĩ của Alexander R. Todd, Baron Todd?",/Sir
Ai là người được ảnh hưởng bởi Amartya Sen trong lĩnh vực kinh tế?,Tony Atkinson
Quốc tịch của Ben R. Mottelson là gì?,Hoa Kỳ
Ai là những người đã đoạt Giải Nobel Hóa Học?,Danh Sách Người Đoạt Giải Nobel Hóa Học
Alan MacDiarmid đã từng giảng dạy tại trường nào?,/Đại Học Victoria Wellington
Anton Zeilinger đã được trao giải thưởng nào vào lĩnh vực Vật Lý?,Giải Nobel Vật Lý
Ở đâu Aage Bohr sinh ra?,Copenhagen
Nơi Charles Richet sinh là ở đâu?,Paris
André Frédéric Cournand làm việc tại đâu?,/Columbia University College Of Physicians And Surgeons
Albert Szent-Györgyi làm việc ở đâu?,Đại Học Cambridge
Ai là người hướng dẫn luận án tiến sĩ của Clinton Davisson?,Không có người hướng dẫn tiến sĩ
Ai là thành viên của Hội Hoàng gia?,Fellow Of The Royal Society
Năm nào Albert Schweitzer sinh ra?,1875
Chen Ning Yang làm việc tại đâu?,Đại Học Trung Văn Hương Cảng
Ai là người đã nhận giải thưởng Paul Ehrlich Và Ludwig Darmstaedter?,Giải Paul Ehrlich Và Ludwig Darmstaedter
Charles T. R. Wilson đã theo học ở đâu?,Đại Học Manchester
Ai là người ảnh hưởng đến Amartya Sen?,Kenneth Arrow
Bạn có thể cho biết nơi Bernardo Houssay đã mất không?,Buenos Aires
Aaron Klug sinh ở đâu?,Litva
Ai là người được trao giải thưởng cùng với Charles J. Pedersen?,Jean-Marie Lehn
Ai không có người hướng dẫn tiến sĩ?,Không có người hướng dẫn tiến sĩ
Albert Einstein làm việc tại đâu?,ETH Zurich
David Card đã nhận giải thưởng nào?,/Giải BBVA Foundation Frontiers Of Knowledge
Cơ sở nghiên cứu nào mà Chen Ning Yang làm việc?,Viện Nghiên Cứu Cao Cấp Princeton
Andrea M. Ghez làm việc tại đâu?,"Đại Học California, Los Angeles"
Ai là người đồng nghiệp của Andre Geim trong các nghiên cứu nổi tiếng?,Konstantin Sergeevich Novoselov
Abdus Salam làm việc tại đâu?,/Thượng Ban Nghiên Cứu Không Gian Và Khí Quyển
Charles Glover Barkla làm việc ở đâu?,Đại Học Cambridge
Ai là người ảnh hưởng đến Christopher A. Pissarides?,/Dale Mortensen
Ai là những người đã đoạt Giải Nobel Vật Lý?,Danh Sách Người Đoạt Giải Nobel Vật Lý
Ai là người hướng dẫn luận án tiến sĩ của Alfred Werner?,/Arthur Rudolf Hantzsch
Albert Einstein sinh ở đâu?,Vương Quốc Württemberg
Ardem Patapoutian đã đoạt giải thưởng nào trong lĩnh vực Sinh Lý Học hoặc Y Học?,Giải Nobel Sinh Lý Học Hoặc Y Học
David Card đã nhận được giải thưởng nào?,Huy Chương Frisch
David Julius là giáo sư ở trường nào?,Viện Công Nghệ Massachusetts
Ai là nơi mà Alexander Prokhorov đã mất?,Moskva
Quốc gia nào là quê hương của Alfonso García Robles?,México
Ai là phối ngẫu của Charles G. Dawes?,/Caro Dawes
Thành phố nào là nơi sinh của Albert Fert?,Carcassonne
Alan MacDiarmid mất ở đâu?,/Drexel Hill
Quốc tịch của nhà kinh tế học nổi tiếng Bertil Ohlin là gì?,Thụy Điển
Alexis Carrel làm nghề gì?,Giải Phẫu Học
Ahmed Zewail đã giành giải thưởng nào?,Giải Wolf
David Hume sinh vào thời gian nào?,/Old Style
Ai đã được trao giải thưởng /ForMemRS?,/ForMemRS
Ai là những người đã đoạt giải Nobel Hóa Học?,Danh Sách Người Đoạt Giải Nobel Hóa Học
Alexandre Prokhorov sinh ở đâu?,Úc
Dmitry Muratov sinh ở đâu?,"Samara, Nga"
Quốc tịch của Bert Sakmann là gì?,Đức
Albert Fert sinh vào ngày nào?,7 Tháng 3
Bạn biết Andre Geim học tại trường nào không?,/Trường Đại Học Kỹ Thuật Vật Lý Moskva
Albert Einstein đã nhận học vị ở đâu?,ETH Zurich
Ai là vợ của Andrei Sakharov?,/Yelena Bonner
Ai không có người hướng dẫn tiến sĩ?,Không có người hướng dẫn tiến sĩ
Albert Einstein đã làm việc tại nơi nào?,Đại Học Zurich
Học vị cao nhất mà Abhijit Banerjee đạt được là gì?,Thạc Sĩ
"Ai là người được nhắc đến trong Triple ""Abdus Salam - Các nghiên cứu sinh nổi tiếng - /Masud Ahmad""?",/Masud Ahmad
Năm nào Albert Claude mất?,1983
Charles Glover Barkla là người nước nào?,Vương Quốc Liên Hiệp Anh Và Bắc Ireland
Ai là người đồng lao với Charles J. Pedersen và được trao Giải thưởng?,Donald J. Cram
Ai là vợ của Anwar Sadat?,Jehan Sadat
Carlos Saavedra Lamas sinh ở quốc gia nào?,Argentina
Albert Abraham Michelson là người đã từng học tại đâu?,Học Viện Hải Quân Hoa Kỳ
Ai là người đã được trao Giải Nobel Vật Lý?,Giải Nobel Vật Lý
Arieh Warshel làm việc tại đâu?,/Weizmann Institute Of Science
Ai là người cộng tác với Daniel Kahneman trong các nghiên cứu nổi tiếng?,/Avishai Henik
Andrei Geim sinh ở đâu?,Sochi
Abdus Salam làm việc tại đâu?,/Viện Khoa Học Và Công Nghệ Hạt Nhân Pakistan
"Bạn muốn hỏi: ""Abiy Ahmed đã học chuyên ngành gì khi theo học về Giáo dục?""",Master Of Business Administration
Cơ sở nào C. V. Raman làm việc tại?,/Viện Nghiên Cứu Raman
Trường đại học nào mà Christian B. Anfinsen đã tham gia giảng dạy?,/Swarthmore College
Ai là người sinh ra tại Giessen?,/Giessen
Anatole France sinh ở đất nước nào?,Pháp
Ai đã giành Giải Lemelson-MIT?,/Giải Lemelson-MIT
Năm nào Artturi Ilmari Virtanen được trao giải thưởng?,1945
Ai đã đoạt giải thưởng Massry?,/Giải Massry
Ai là những người đã đoạt Giải Nobel Sinh Lý Học Và Y Khoa?,Danh Sách Người Đoạt Giải Nobel Sinh Lý Học Và Y Khoa
Alan Turing mất ở quốc gia nào?,Anh
Quốc tịch của Adolf Butenandt là gì?,Đức
Danh sách người đoạt Giải Nobel Kinh Tế là gì?,Danh Sách Người Đoạt Giải Nobel Kinh Tế
Arnold Sommerfeld làm việc tại đâu?,/RWTH Aachen
Charles Thomson Rees Wilson sinh ra ở Scotland hay không?,Scotland
Năm nào Donald A. Glaser sinh ra?,1926
"Năm nào Alexander R. Todd, Baron Todd được sinh ra?",1907
Ai là người hướng dẫn tiến sĩ của Charles Glover Barkla?,Không có người hướng dẫn tiến sĩ
Ai là người tiếp tục và hoàn thiện các nghiên cứu về tốc độ ánh sáng của nhà vật lý nổi tiếng Albert Abraham Michelson?,Robert Millikan
Daniel Kahneman đã từng đoạt giải thưởng nào?,/Giải Thưởng Grawemeyer
Ai là người phối ngẫu của Bob Dylan?,/Sara Dylan
Donald A. Glaser sinh ở đâu?,Hoa Kỳ
Trường đào tạo nơi Aage Bohr đã từng làm giáo sư là gì?,Đại Học Copenhagen
Ai là người sinh tại Kendal?,/Kendal
Akira Yoshino sinh ở đâu?,Suita
Amartya Sen đã nhận được giải thưởng nào vào năm 1998?,/Huân Chương Nhân Văn Quốc Gia
"Nơi công tác của Alexander R. Todd, Baron Todd là đâu?",/Viện Lister
Ai là người nghiên cứu sinh nổi tiếng cùng với Arnold Sommerfeld?,/Paul Sophus Epstein
Andre Geim đã từng nhận được giải thưởng nào cho sự thăng tiến trong lĩnh vực khoa học?,Giải John J. Carty Cho Thăng Tiến Khoa Học
Bạn biết Amartya Sen từ nơi nào công tác?,Đại Học Calcutta
Thành phố nào là nơi Charles J. Pedersen mất?,Salem
Alice Munro sinh ra ở đất nước nào?,Canada
Ở thành phố nào Adam Riess sinh ra?,"Washington, D.C"
Trường đại học nào mà Arthur Ashkin đã từng tham gia giảng dạy?,Columbia University
Năm nào Abdus Salam được trao giải thưởng?,1968
Ai là người đã đoạt giải thưởng Nobel trong lĩnh vực Vật lý?,Giải Nobel Vật Lý
Albert Abraham Michelson đã từng giảng dạy tại trường lớp nào?,Đại Học Humboldt Berlin
Ngày nào Carl Bosch sinh?,27 Tháng 8
Ai là sinh viên nổi tiếng được kết nối với Arnold Sommerfeld?,/Herbert Kroemer
Danh sách các người đoạt giải Nobel Sinh lý học và Y khoa bao gồm những ai?,Danh Sách Người Đoạt Giải Nobel Sinh Lý Học Và Y Khoa
Amartya Sen sinh ở đâu?,Tây Bengal
Ở đâu Anatole France sinh?,Paris
Angus Deaton theo học ở trường nào?,/Fettes College
Ai đã được trao giải Nobel Kinh tế?,Giải Nobel Kinh Tế
Alan Turing sinh ở đâu?,/Maida Vale
Trường Đại học nào mà Dominique Pire từng tham dự làm giảng viên?,/Đại Học Giáo Hoàng Thánh Thomas Aquinas (''Angelicum''
Năm sinh của André Frédéric Cournand là năm nào?,1895
"Ai là người được biết đến trong lĩnh vực nghiên cứu sinh học và hóa học hữu cơ, cùng với Adolf Otto Reinhold Windaus?",Adolf Butenandt
Quốc tịch của Corneille Heymans là gì?,Bỉ
David MacMillan làm việc tại đâu?,Viện Công Nghệ California
Adolf Von Baeyer làm việc tại đâu?,Đại Học Strasbourg
Carl Bosch đã đạt được thành tựu gì trong lĩnh vực hóa học?,Giải Nobel Hóa Học
Charles K. Kao được trao giải thưởng nào?,/Huân Chương Hoàng Tử Philip
David Julius học tại trường đại học nào?,"Đại Học California, Berkeley"
Clifford Shull làm việc tại đâu?,/Phòng Thí Nghiệm Quốc Gia Oak Ridge
Nơi Alfred G. Gilman mất là ở đâu?,"Dallas, Texas"
Năm Bjørnstjerne Bjørnson mất là năm nào?,1910
Adolf Von Baeyer làm việc tại đâu?,Đại Học Humboldt Berlin
Nơi Albert Einstein mất là ở đâu?,"Princeton, New Jersey"
Người nào đã từng giành Giải Nobel Văn Học?,Giải Nobel Văn Học
Quốc tịch của Craig Mello là gì?,Hoa Kỳ
Ai là những người đã đoạt Giải Nobel Hóa Học?,Danh Sách Người Đoạt Giải Nobel Hóa Học
Ai là người ảnh hưởng đến Amartya Sen?,/Piero Sraffa
Abram Ioffe làm việc tại đâu?,/State Institute Of Roentgenology And Radiology
Andrew Schally làm việc ở đâu?,/Đại Học Tulane
Ai là người đã được trao Giải Nobel Vật Lý?,Giải Nobel Vật Lý
Ai là nghiên cứu sinh nổi tiếng liên quan đến Anton Zeilinger?,/Stefanie Barz
Carl David Anderson đã được trao giải thưởng nào trong lĩnh vực Vật Lý?,Giải Nobel Vật Lý
Học vị cao nhất mà Akira Yoshino đạt được là gì?,Thạc Sĩ Khoa Học
Abdus Salam làm việc tại tổ chức nào?,/Ủy Ban Khoa Học Và Công Nghệ Phát Triển Bền Vững Miền Nam Pakistan
Ai là người đồng nghiệp nổi tiếng của Abdus Salam trong lĩnh vực nghiên cứu?,/John Moffat
Giải thưởng nào mà Archer John Porter Martin đã nhận được?,/Giải Thưởng Của Viện Franklin
Alfred Kastler đã giảng dạy tại trường lớp nào?,Đại Học Paris
Alfred Sturtevant sinh ở tiểu bang nào?,Illinois
Ai là người cộng tác với Alfred Sturtevant trong các nghiên cứu sinh nổi tiếng?,Edward B. Lewis
Thành phố nào là nơi sinh của Dominique Pire?,Dinant
Alan Turing sinh ở đất nước nào?,Anh
David Julius đã được trao giải thưởng nào?,Giải Nobel Sinh Lý Học Hoặc Y Học
Quốc gia mà Andre Geim sinh ra là nước nào?,Liên Xô
Albert Fert làm việc tại đâu?,Trung Tâm Nghiên Cứu Khoa Học Quốc Gia Pháp
Chen Ning Yang học tại trường đại học nào?,Đại Học Chicago
Daron Acemoglu đã từng đoạt giải thưởng nào?,Giải John Bates Clark
Ai là người đã mất?,Anh
Ngày nào Augusto Pinochet qua đời?,10 Tháng 12
Ai là sinh viên nổi tiếng của Arnold Sommerfeld?,/Walter Romberg
Ai là người đã có các nghiên cứu nổi tiếng liên quan đến Abdus Salam?,/Munir Ahmad Rashid
Ai là quốc gia mà Abram Ioffe mất?,Xô Viết
Daniel Kahneman đã học vị ở đâu?,"/Đại Học Hebrew, Jerusalem"
Năm nào Alexander Prokhorov giành giải thưởng?,1964
Ai là người đã được trao /Huy Chương Elliott Cresson?,/Huy Chương Elliott Cresson
Ai là người hướng dẫn luận án tiến sĩ của Albert Einstein?,Alfred Kleiner
"Ai là người được đề cử trong Triple ""Anton Zeilinger - Các nghiên cứu sinh nổi tiếng - /Pan Jianwei""?",/Pan Jianwei
Clifford Shull đã được trao giải thưởng danh giá nào trong lĩnh vực Vật Lý?,Giải Nobel Vật Lý
Ai là người đã có mối quan hệ với Alfred Kleiner và được biết đến qua các nghiên cứu sinh nổi tiếng?,Albert Einstein
Albert Abraham Michelson làm việc tại đâu?,/Case Western Reserve University
Ben Roy Mottelson sinh ở đâu?,Hoa Kỳ
Ai là người học trò nổi tiếng của Arnold Sommerfeld?,/Ludwig Hopf
Quốc tịch của Arieh Warshel là gì?,USA
Ahmed Zewail mất ở đâu?,"Pasadena, California"
Quốc tịch của nhà khoa học Albert Fert là gì?,Pháp
Daniel Kahneman đã nhận giải thưởng nào?,/Đại Học Louisville
Anton Zeilinger làm việc tại trường đại học nào?,/Đại Học Innsbruck
Ai là người có liên quan đến Carl David Anderson và các sinh viên nổi tiếng?,/Cinna Lomnitz
Quốc gia nào Abhijit Banerjee sinh ra?,Ấn Độ
Bjørnstjerne Bjørnson mất ở quốc gia nào?,Pháp
Carol W. Greider đã nhận được giải thưởng nào trong lĩnh vực nghiên cứu y học cơ bản?,Giải Albert Lasker Cho Nghiên Cứu Y Học Cơ Bản
Quốc gia nào là quê hương của Anwar Sadat?,Ai Cập
Ai đã được trao giải thưởng Nobel Vật Lý?,Giải Nobel Vật Lý
Andre Geim làm việc tại đâu?,/Đại Học Radboud Tại Nijmegen
Quốc tịch của Artturi Ilmari Virtanen là gì?,Phần Lan
Trường cao đẳng nào Charles K. Kao đã tham gia học tại?,"/Cao Đẳng St. Joseph, Hồng Kông"
Năm Anatole France mất là năm nào?,1924
Ai là người hướng dẫn luận án tiến sĩ của Ben R. Mottelson?,Không có người hướng dẫn tiến sĩ
Học vị cao nhất mà Carl David Anderson đạt được là gì?,Ph.D
Adolf Von Baeyer mất ở đâu?,Starnberg
Nơi Albert Einstein công tác là /Hiệp Hội Vật Lý Đức?,/Hiệp Hội Vật Lý Đức
Nơi Charles J. Pedersen mất là ở đâu?,New Jersey
Charles T. R. Wilson học tại trường lớp nào?,Đại Học Cambridge
Quốc tịch của Carol W. Greider là gì?,Hoa Kỳ
"Ai được trao danh hiệu ""/Knights Bachelor""?",/Knights Bachelor
Alan Turing hướng dẫn luận án tiến sĩ cho ai?,/Alonzo Church
Ai là người nghiên cứu sinh nổi tiếng trong Triple: Carolyn R. Bertozzi - Các nghiên cứu sinh nổi tiếng - /Mireille Kamariza?,/Mireille Kamariza
Nơi công tác của Albert Einstein là gì?,"/Viện Nghiên Cứu Cao Cấp Princeton, New Jersey"
Nơi Arieh Warshel sinh ra là đâu?,Kibbutz
Nơi Barbara McClintock mất là ở đâu?,New York (Tiểu Bang
Ai là người đã sinh ra Abdus Salam?,/Santokdas
Andrea M. Ghez nghiên cứu tại trường lớp nào?,Viện Công Nghệ Massachusetts
Danh sách những người đã đoạt giải Nobel Sinh lý học và Y khoa bao gồm ai?,Danh Sách Người Đoạt Giải Nobel Sinh Lý Học Và Y Khoa
Brian P. Schmidt là giáo sư tại trường đại học nào?,Đại Học Arizona
Anton Zeilinger làm việc tại đâu?,/TU Wien
Ai là người được ảnh hưởng bởi Amartya Sen?,/Kaushik Basu
André-Louis Debierne mất ở đâu?,Paris
Năm nào Alfred Sturtevant nhận giải thưởng?,1967
Quốc gia nào Dan Shechtman sinh ra?,Israel
Quốc tịch của Alfred Kastler là gì?,Pháp
Ai là người được đề cập trong Triple: August Wilhelm Von Hofmann - Các nghiên cứu sinh nổi tiếng - /Richard Abegg?,/Richard Abegg
Giải thưởng nào mà Daron Acemoglu đã nhận trong lĩnh vực Kinh tế?,/Erwin Plein Nemmers Prize In Economics
Bạn học ở đâu?,Đại Học Thanh Hoa
Nơi Barbara McClintock mất là ở đâu?,"/Huntington, New York"
Quốc tịch của nhà sinh vật học nổi tiếng Christian De Duve là gì?,Bỉ
Alan MacDiarmid sinh vào ngày nào?,14 Tháng 4
Adolf Butenandt làm việc tại đâu?,/Đại Học Kỹ Thuật Danzig
Ai là người được đề cập trong Triple: Charles Hard Townes - Các nghiên cứu sinh nổi tiếng - /Raymond Y. Chiao?,/Raymond Y. Chiao
Ai là người hướng dẫn luận án tiến sĩ của Abdus Salam?,/Nicholas Kemmer
Ai đã giành Giải Hóa Học Của Viện Hàn Lâm Khoa Học Quốc Gia Hoa Kỳ?,Giải Hóa Học Của Viện Hàn Lâm Khoa Học Quốc Gia Hoa Kỳ
Bạn có thể cung cấp đường link của luận án của Daniel Kahneman không?,Http://Oskicat.Berkeley.Edu/Record=B12138684~S1
Năm nào Ahmed Zewail đã nhận Giải thưởng?,1999
Nơi công tác của Ada Yonath là trường đại học nào?,/Đại Học Jerusalem
Andrei Sakharov đã được vinh dự với giải thưởng nào vào năm 1968?,Giải Thưởng Lenin
Claude Simon sinh sống ở đâu?,Pháp
Năm nào Artturi Ilmari Virtanen sinh?,1895
Ở bang nào Christian B. Anfinsen sinh ra?,Pennsylvania
August Wilhelm Von Hofmann làm việc tại đâu?,/Đại Học Hóa Học Hoàng Gia
Ai là người đã mất và có liên quan đến Warmia?,/Warmia
Quốc tịch của Alfred Hershey là gì?,Hoa Kỳ
Abdus Salam đã được trao giải thưởng nào?,/Huy Chương Vàng Lomonosov
Quốc tịch của Daron Acemoglu là gì?,Thổ Nhĩ Kỳ
Trường lớp nào mà Alexander Fleming đã được đào tạo tại?,/St Mary'S Hospital Medical School
Ai là con cái của Albert Einstein?,/Lieserl Einstein
Ai là người đã được đề cử trong Triple này?,/Pyotr Lukirsky
Ai đã nhận giải thưởng từ Institute Of Electrical And Electronics Engineers?,Institute Of Electrical And Electronics Engineers
Ai là nhà kinh tế học mà Abhijit Banerjee đã làm việc cùng trong các nghiên cứu nổi tiếng?,/Benjamin Jones (Economist
Ai là người ảnh hưởng đến Arthur Eddington trong lĩnh vực của mình?,/Horace Lamb
Nơi sinh của nhà kinh tế học Arthur Lewis là ở đâu?,Castries
Arthur Eddington đã nhận được giải thưởng nào?,/Smith'S Prize
Quốc tịch của Alfred Werner là gì?,Đế Quốc Đức
Ai là người hướng dẫn luận án tiến sĩ cho Arthur Amos Noyes?,Không có người hướng dẫn tiến sĩ
Ai đã được trao Huy Chương Davy?,/Huy Chương Davy
Ai là người hướng dẫn luận án tiến sĩ của Anne L'Huillier?,/Bernard Cagnac
Bert Sakmann sinh ở thành phố nào?,Stuttgart
Aage Bohr qua đời ở thành phố nào?,Copenhagen
Ai là vợ của Al Gore?,/Tipper Gore
Amartya Sen làm việc tại đâu?,/Trường Kinh Tế Delhi
Clifford Shull làm việc tại đâu?,Học Viện Công Nghệ Massachusetts
Anatole France mất ở đâu?,Tours
Trường đại học nào David J. Thouless đã từng giảng dạy?,Đại Học Cornell
Albert Szent-Györgyi làm việc tại đâu?,Đại Học Szeged
Ai là người nghiên cứu sinh nổi tiếng cùng thời với C. V. Raman?,/GN Ramachandran
Tác giả nổi tiếng Aleksandr Solzhenitsyn sinh ra ở đâu?,Nga
Bạn có biết trường đại học nào mà Alfred Hershey từng làm việc không?,/Michigan State University
Ai đã nhận /Huy Chương Vàng Của CNRS?,/Huy Chương Vàng Của CNRS
Năm Anwar Sadat sinh là bao nhiêu?,1918
Ở đâu Alvin E. Roth làm việc khi ông giảng dạy trường lớp?,Đại Học Columbia
"""Daniel Kahneman đã nhận giải thưởng từ tổ chức nào?""",Hiệp Hội Tâm Lý Học Hoa Kỳ
Quốc gia nào là quê hương của Aage Bohr?,Đan Mạch
Quốc gia nào Al Gore sinh ra?,Hoa Kỳ
Ai đã nhận Giải Goethe?,Giải Goethe
Adolf Von Baeyer mất ở quốc gia nào?,Đức
"Ai là người đã nhận giải thưởng ""/Right Livelihood Award""?",/Right Livelihood Award
Năm nào Abdus Salam đã nhận Giải thưởng?,1978
Charles Thomson Rees Wilson sinh tại đâu?,/Midlothian
Thành phố nào mà Abram Ioffe đã mất tại đó?,Leningrad
David Card sinh ở đâu?,"/Guelph, Ontario"
Ngày nào Alfred Werner sinh?,12 Tháng 12
Ai là người đã nhận Giải Francqui?,Giải Francqui
Ai là nơi mà Aleksandr Solzhenitsyn mất?,Moskva
Năm nào Ahmed Zewail nhận Giải thưởng?,1993
Andrew Schally làm việc tại trường đại học nào?,/Baylor College Of Medicine
Trường cao đẳng nào mà Charles K. Kao đã tốt nghiệp?,/Cao Đẳng Đế Quốc London
Alice Munro sinh ra ở đâu?,Ontario
Albrecht Kossel sinh ở đâu?,Rostock
Ai là những người đã đoạt giải Nobel Hóa học?,Danh Sách Người Đoạt Giải Nobel Hóa Học
Nơi Charles T. R. Wilson mất là ở đâu?,Edinburgh
Artturi Ilmari Virtanen làm việc ở đâu?,/Đại Học Công Nghệ Helsinki
Năm nào C. V. Raman đã được trao Giải thưởng?,1954
Ai là người được đề cử trong Triple: Abdus Salam - Các nghiên cứu sinh nổi tiếng - /Pervez Hoodbhoy?,/Pervez Hoodbhoy
Aaron Klug sinh ở thành phố nào?,Želva
Christian De Duve sinh ở đâu?,Vương Quốc Anh
Abdus Salam làm việc tại tổ chức nào?,/Ủy Ban Năng Lượng Nguyên Tử Pakistan
Ở đâu là quê hương của nhà thiên văn học nổi tiếng Nicolaus Copernicus?,Toruń
Alan MacDiarmid làm việc ở đâu?,Đại Học Pennsylvania
Alan Turing học tại trường đại học nào?,Princeton University
Carl Bosch làm việc tại công ty nào?,BASF
Nơi Albert Abraham Michelson mất là ở đâu?,"Pasadena, California"
Clifford Shull sinh ở tiểu bang nào?,Pennsylvania
David Card đã được trao giải thưởng nào mà không phải Nobel Kinh tế?,Giải Nobel Kinh Tế
Quốc gia nào là nơi sinh của nhà kinh tế học Arthur Lewis?,Saint Lucia
Albert Fert đã nhận giải thưởng nào?,/Giải Thưởng Nhật Bản
Ai là người kế thừa và tiếp tục các nghiên cứu của Arnold Sommerfeld?,Hans Bethe
Ales Bialiatski sinh ở đâu?,Cộng Hòa Karelia
Ai đã được trao Giải Nobel Kinh Tế?,Giải Nobel Kinh Tế
Quốc tịch của Donald A. Glaser là gì?,Hoa Kỳ
Thành phố nào là nơi Ardem Patapoutian sinh ra?,Beirut
Albert Camus sinh ở đâu?,Dréan
Ai là người hướng dẫn luận án tiến sĩ của Abram Ioffe?,Wilhelm Röntgen
Quốc gia nào Artturi Ilmari Virtanen sinh ra?,Phần Lan
Năm sinh của Albert Fert là năm nào?,1938
Ai là người đã được trao Giải Nobel Hóa Học?,Giải Nobel Hóa Học
Albert Einstein làm việc tại đâu?,Đại Học Brandeis
Ở đâu Alfred Werner đã mất?,Zürich
Abdus Salam sinh ở đâu?,/Quận Sahiwal
Ai là người hướng dẫn luận án tiến sĩ của Daniel Kahneman?,/Susan M. Ervin-Tripp
Ai là người đã bắt đầu phát triển chỉ số Phát triển con người (HDI)?,Mahbub Ul Haq
Ai đã nhận Giải Nobel Kinh tế năm nay?,Giải Nobel Kinh Tế
"Bạn muốn tôi tạo câu hỏi có câu trả lời là ""Https://Www.Oeaw.Ac.At/Fileadmin/Institute/IQOQI-Vienna/PDF/Publications-Zeilinger/1972 Neutron Depolarization Measurements Ona Dy-Single Crystal.Pdf"" phải không?",Https://Www.Oeaw.Ac.At/Fileadmin/Institute/IQOQI-Vienna/PDF/Publications-Zeilinger/1972 Neutron Depolarization Measurements Ona Dy-Single Crystal.Pdf
Năm nào Ahmed Zewail được trao Giải thưởng?,1996
Albert Einstein đã nhận học vị ở đâu?,Đại Học Zurich
Anwar Sadat mất vào ngày nào?,6 Tháng 10
August Wilhelm Von Hofmann mất ở đâu?,/Tỉnh Bang Brandenburg
Andrea M. Ghez làm việc tại trường lớp nào?,Viện Công Nghệ California
Alfred Kleiner sinh ở quốc gia nào?,Thụy Sĩ
Năm nào Abdus Salam nhận Giải thưởng?,1979
Năm nào Adolf Otto Reinhold Windaus sinh ra?,1876
Ở đâu André Frédéric Cournand sinh ra?,Paris
Anton Zeilinger đã đạt được danh hiệu học vị gì?,Doctor Of Philosophy
Bjørnstjerne Bjørnson đã mất ở đâu?,Paris
Trường đại học nào Anton Zeilinger làm việc tại?,/TU Wien
"Ai là người được đề cập trong Triple ""Arnold Sommerfeld - Các nghiên cứu sinh nổi tiếng - /Walter Rogowski""?",/Walter Rogowski
Ai là người được ảnh hưởng bởi Amartya Sen?,/Nancy Folbre
Ben Feringa làm việc tại đâu?,Đại Học Groningen
Ai là chủ tịch của Chính Phủ Quân Sự Lâm Thời Ethiopia Xã Hội Chủ Nghĩa?,Chính Phủ Quân Sự Lâm Thời Ethiopia Xã Hội Chủ Nghĩa
Alan J. Heeger đã làm việc tại trường nào?,Đại Học Nebraska
Ahmed Zewail đã nhận được giải thưởng nào mà có liên quan đến Đức?,Giải Humboldt
Albert Szent-Györgyi sinh ở đâu?,/Áo Hung
Ai là người phát hiện ra tín hiệu đầu tiên của pulsar?,Jocelyn Bell Burnell
Adam Riess làm việc tại đâu?,/Viện Khoa Học Kính Thiên Văn Không Gian
Quốc gia nào Adolf Von Baeyer sinh ra?,Đức
Danh sách những người đã đoạt Giải Nobel Kinh tế nằm trong lĩnh vực nào?,Danh Sách Người Đoạt Giải Nobel Kinh Tế
Barbara McClintock làm việc tại đâu?,Đại Học Missouri
Năm nào Albert Schweitzer đã giành Giải thưởng?,1952
Năm nào Albert Schweitzer đã nhận Giải thưởng?,1928
Vai trò quan trọng của Charles K. Kao trong lĩnh vực nào đã khiến ông được trao tặng /Huân Chương IEEE Alexander Graham Bell?,/Huân Chương IEEE Alexander Graham Bell
Ai là quốc gia mà nhà văn Anatole France sinh ra và mất?,Pháp
Danh sách những người đoạt giải Nobel Sinh lý học và Y khoa bao gồm những ai?,Danh Sách Người Đoạt Giải Nobel Sinh Lý Học Và Y Khoa
Nơi Burton Richter mất là ở đâu?,"Stanford, California"
Nơi Daniel Kahneman công tác là đâu?,"Đại Học California, Berkeley"
Ngày nào André Gide sinh?,22 Tháng 11
Abiy Ahmed đã có liên kết với trường đại học nào trong lĩnh vực giáo dục?,/Microlink Information Technology College
Charles Édouard Guillaume sinh ở đâu?,/Fleurier
Bernardo Houssay sinh ở đất nước nào?,Argentina
August Kekulé sinh ở quốc gia nào?,Đức
Ai là những người đã đoạt Giải Nobel Hóa Học?,Danh Sách Người Đoạt Giải Nobel Hóa Học
Abhijit Banerjee đã đạt học vị gì?,/Đại Học Jawaharlal Nehru
Bạn học vị của David MacMillan là gì?,"/Đại Học California, Irvine"
Ai đã nhận Giải Sveriges Riksbank Về Khoa Học Kinh Tế Trong Ký Ức Của Alfred Nobel?,/Giải Sveriges Riksbank Về Khoa Học Kinh Tế Trong Ký Ức Của Alfred Nobel
Trang web nào mà Alan Turing đã được đề cập tại trường lớp?,Http://Ktdn.Edu.Vn
David MacMillan đã đoạt giải thưởng nào trong lĩnh vực Hóa Học?,Giải Nobel Hóa Học
Charles Brenton Huggins sinh ở thành phố nào?,Thành Phố Halifax
Charles T. R. Wilson sinh ở đâu?,/Midlothian
Ai là người hướng dẫn luận án tiến sĩ của Alfred Kleiner?,Không có người hướng dẫn tiến sĩ
Ai là người được đề cử trong Triple: August Wilhelm Von Hofmann - Các nghiên cứu sinh nổi tiếng - /Rudolf Hugo Nietzki?,/Rudolf Hugo Nietzki
Ai là phối ngẫu của Albert Einstein?,/Elsa Einstein
Alexis Carrel nổi tiếng trong lĩnh vực nào?,Sinh Học
Ở thành phố nào Allvar Gullstrand đã qua đời?,Stockholm
Brian Kobilka sinh ở đâu?,"Little Falls, Minnesota"
Ai là người hướng dẫn luận án tiến sĩ của David Julius?,Không có người hướng dẫn tiến sĩ
Năm nào Donald A. Glaser nhận Giải thưởng?,1960
Arthur Eddington đã nhận được giải thưởng nào từ Hội Thiên văn Hoàng gia?,/Gold Medal Of The Royal Astronomical Society
Bạn biết trường đại học nào Alvin E. Roth từng làm giáo sư không?,Đại Học Stanford
Ai là người cộng tác nghiên cứu nổi tiếng của Abdus Salam?,/Riazuddin
David J. Thouless đã được trao giải thưởng nào?,/Maxwell Medal And Prize
Albert Szent-Györgyi công tác tại trường đại học nào?,/Đại Học Semmelweis
Ai là người đồng nghiệp nổi tiếng của Adolf Von Baeyer trong lĩnh vực nghiên cứu?,/Carl Gräbe
Ai là người sinh ra tại Beshasha?,/Beshasha
Donald A. Glaser đã nhận được giải thưởng nào vào lĩnh vực Vật Lý?,Giải Nobel Vật Lý
Quốc gia nào Adolf Otto Reinhold Windaus sinh ra?,Đức
Alfred Sturtevant làm việc tại đâu?,Viện Công Nghệ California
Nơi Artturi Ilmari Virtanen công tác là trường đại học nào?,Đại Học Helsinki
Ở đâu Al Gore sinh ra?,"Washington, D.C"
Năm nào Abdus Salam đã nhận Giải thưởng?,1964
Quốc gia nào là quê hương của Ben R. Mottelson?,Đan Mạch
Ai đã giành giải thưởng Giải Phổ Học Edgar Bright Wilson?,Giải Phổ Học Edgar Bright Wilson
Quốc tịch của Daniel Kahneman là gì?,Hoa Kỳ
Andre Geim đã đạt được thành tựu gì nổi bật?,Giải Nobel
Năm Alfred Werner sinh là năm nào?,1866
Giải thưởng nào mà Charles Thomson Rees Wilson đã đoạt được?,/Giải Của Viện Franklin
Ahmed Zewail sinh ở thành phố nào?,/Damanhour
Trường học nào mà Clifford Shull đã từng tham gia?,/Học Viện Công Nghệ Carnegie
Arne Tiselius sinh vào ngày nào?,10 Tháng 8
Daniel Kahneman làm việc ở đâu?,"/Đại Học Hebrew, Jerusalem"
Albert Einstein sinh ở đế quốc nào?,Đế Quốc Đức
Năm sinh của Alfred Hershey là năm nào?,1908
Nơi sinh của Allvar Gullstrand là ở đâu?,Landskrona
Ai là những người đã đoạt giải Nobel Hóa Học?,Danh Sách Người Đoạt Giải Nobel Hóa Học
Quốc gia nào mà Boris Pasternak mất trong thời gian Liên Xô tồn tại?,Liên Xô
Quốc tịch của Charles J. Pedersen là gì?,Hoa Kỳ
Ai đã được trao giải Nobel Hóa Học?,Nobel Hóa Học
Carl David Anderson đã đạt được bằng cấp nào?,B.S
Ai là người đã ảnh hưởng đến Amartya Sen?,Mary Wollstonecraft
Ai là người được biết đến với tên gọi /Tehshik Yoon?,/Tehshik Yoon
"Ai là tác giả của cuốn sách ""Mất""?",Pháp
Ben R. Mottelson sinh ở đâu?,Hoa Kỳ
"Người nào đã được trao Giải thưởng Nobel trong lĩnh vực Vật lý và được vinh danh với danh hiệu ""/Hiệp Sĩ Cử Nhân""?",/Hiệp Sĩ Cử Nhân
Ai đã ảnh hưởng đến Albert Einstein?,Hermann Minkowski
Ai là người nghiên cứu sinh nổi tiếng liên quan đến Arnold Sommerfeld?,/Rudolf Seeliger
Năm nào Alfred Werner đã được trao giải thưởng?,1913
Ai là người đã mất vào thời gian Bertha Von Suttner?,Viên
Ben R. Mottelson đã giảng dạy tại trường đại học nào?,Đại Học Harvard
Albert Einstein nhận được giải thưởng nào trong sự nghiệp của mình?,Huy Chương Max Planck
André Frédéric Cournand làm việc tại nơi nào?,Đại Học Columbia
Quốc tịch của Alfred G. Gilman là gì?,Hoa Kỳ
Abhijit Banerjee học vị gì tại đâu?,Đại Học Harvard
Ai đã được trao Giải thưởng ACS Award In Pure Chemistry?,/ACS Award In Pure Chemistry
Anton Zeilinger đã nhận giải thưởng nào?,/Giải Tưởng Nhớ Klopsteg
Học vị cao nhất mà Akira Yoshino đạt được là gì?,Doctor Of Philosophy
Adolf Otto Reinhold Windaus mất ở đâu?,Göttingen
Ai là người đã ảnh hưởng đến Amartya Sen?,Adam Smith
Albert Abraham Michelson đã được trao giải thưởng nào trong lĩnh vực Vật Lý?,Giải Nobel Vật Lý
Quốc tịch của Anne L'Huillier là gì?,Pháp
Adolf Butenandt sinh sống và làm việc tại quốc gia nào?,Đức
Clinton Davisson làm việc tại đâu?,/Bell Labs
Ai là người hướng dẫn luận án tiến sĩ của Claudia Goldin?,Robert Fogel
Vị nhà vật lý nào đã được trao giải thưởng /Sitara-E-Pakistan?,/Sitara-E-Pakistan
Quốc tịch của Charles Nicolle là gì?,Pháp
Ai là người đã làm việc với Abram Ioffe và được biết đến là một nhà nghiên cứu nổi tiếng?,Pyotr Kapitsa
Quốc gia nào là quê hương của nhà kinh tế học Amartya Sen?,Ấn Độ
Ngày nào Bjørnstjerne Bjørnson mất?,26 Tháng 4
Ai đã được trao Giải Thưởng Lenin vì công lao trong lĩnh vực của mình?,Giải Thưởng Lenin
Danh sách những người đoạt Giải Nobel Sinh lý học và Y khoa bao gồm ai?,Danh Sách Người Đoạt Giải Nobel Sinh Lý Học Và Y Khoa
Nơi Abdus Salam công tác là trường đại học nào tại Lahore?,"/Đại Học Chính Phủ College, Lahore"
Ai là người sáng lập ra công ty dược phẩm Janssen Pharmaceuticals?,/Paul Janssen
Ai là người nghiên cứu sinh nổi tiếng trong Triple Carolyn R. Bertozzi - Các nghiên cứu sinh nổi tiếng - /Jennifer Prescher?,/Jennifer Prescher
Nơi nào mà André Gide qua đời?,Paris
Ai là người nghiên cứu cùng với Carl David Anderson?,/Seth Neddermeyer
Andrew Schally học vị ở đâu?,Đại Học McGill
Anton Zeilinger đã đạt được danh hiệu Habilitation ở trường lớp nào?,Habilitation
Carol W. Greider đã làm gì trong trường hợp không có người hướng dẫn tiến sĩ?,Không có người hướng dẫn tiến sĩ
Alfred Hershey sinh ở đâu?,/Owosso
Bạn biết Archer John Porter Martin học ở đâu không?,"/Peterhouse, Cambridge"
Ai là người được kết nạp vào viện hàn lâm Khoa học quốc gia Hoa Kỳ vào năm 1959?,/Ernst Guillemin
August Wilhelm Von Hofmann làm việc tại đâu?,Đại Học Bonn
Quốc tịch của Abhijit Banerjee là gì?,Hoa Kỳ
Albert Camus sinh ở đâu?,Algérie Thuộc Pháp
Ai là người đã ảnh hưởng đến Christopher A. Pissarides?,/Michio Morishima
Albert Claude học ở trường nào?,/Đại Học Liège
Alan MacDiarmid sinh ở đâu?,/Masterton
Ai là người đã ảnh hưởng đến triết lý của Amartya Sen?,John Stuart Mill
Đâu là nơi mà Donald A. Glaser đã qua đời?,California
Người nào sinh ra ở đâu?,Cộng Hòa Xã Hội Chủ Nghĩa Xô Viết Liên Bang Nga
Albert Einstein đã đạt được danh hiệu nào trong lĩnh vực Vật Lý?,Giải Nobel Vật Lý
Anne L'Huillier đã nhận được giải thưởng nào?,/BBVA Foundation Frontiers Of Knowledge Award
Năm nào Alexander Prokhorov sinh ra?,1916
Quốc gia nào mà Clifford Shull sinh ra?,Hoa Kỳ
Ai đã đoạt giải thưởng Körber?,/Giải Körber
Ai là người đã được trao Huy Chương Copley?,Huy Chương Copley
Năm Bjørnstjerne Bjørnson sinh là năm nào?,1832
Ai là người hướng dẫn luận án tiến sĩ của Anton Zeilinger?,Không có người hướng dẫn tiến sĩ
Ben R. Mottelson làm việc tại đâu?,/Viện Vật Lý Lý Thuyết Bắc Âu
Quốc tịch của Adolf Von Baeyer là gì?,Đức
Bjørnstjerne Bjørnson hoạt động trong lĩnh vực nghề nghiệp nào?,Nhà Thơ
"Alexander R. Todd, Baron Todd học tại trường lớp nào?",Đại Học Oxford
Ở đâu André Gide sinh ra?,Paris
Nơi nào Bertha Von Suttner sinh ra?,Praha
Adam Riess sinh ở đâu?,Hoa Kỳ
Ai là người hướng dẫn tiến sĩ của Abhijit Banerjee?,Không có người hướng dẫn tiến sĩ
Anne L'Huillier có học vị gì?,Tiến Sĩ
Ai là người phối ngẫu của Albert Camus?,/Francine Faure
Quốc tịch của Aage Bohr là gì?,Đan Mạch
Tên của nghiên cứu sinh nổi tiếng nào được đề cập trong Triple?,/Lisa Marcaurelle
Quốc gia nào Ales Bialiatski sinh ra trong quá khứ?,Liên Xô
Ai từng là tổng thống của Ai Cập trong thời kỳ Vương Quốc Hồi Giáo?,Vương Quốc Hồi Giáo Ai Cập
Aleksandr Solzhenitsyn đã được vinh dự nhận giải thưởng nào?,/Huy Chương Vàng Lomonosov
Bob Dylan sinh ở thành phố nào?,"Duluth, Minnesota"
Charles Glover Barkla làm việc tại đâu?,Đại Học Edinburgh
Dario Fo mất ở thành phố nào?,Milan
Nơi Abhijit Banerjee công tác là đâu?,Viện Công Nghệ Massachusetts
Aleksandr Solzhenitsyn làm nghề gì?,Nhà Văn
Thành phố nào là nơi Dominique Pire mất?,Leuven
Ai là người đồng tác giả với Daniel Kahneman trong các nghiên cứu nổi tiếng?,/Ziv Carmon
Anton Zeilinger làm việc tại đâu?,"/Merton College, Oxford"
Boris Pasternak mất ở đâu?,/Peredelkino
Ai là người hướng dẫn luận án tiến sĩ của Adolf Otto Reinhold Windaus?,Adolf Otto Reinhold Windaus
Ales Bialiatski sinh ở đâu?,Cộng Hòa Xã Hội Chủ Nghĩa Xô Viết Liên Bang Nga
Trường nào Dominique Pire đã theo học?,/Đại Học Công Giáo Leuven
Trường nào mà Corneille Heymans đã tốt nghiệp?,/Đại Học Ghent
Ai là người hướng dẫn luận án tiến sĩ của Carl David Anderson?,Robert A. Millikan
Nơi nào Ben Roy Mottelson mất?,Copenhagen
Ai đã được trao giải thưởng /Japan Prize?,/Japan Prize
Quốc tịch của Archer John Porter Martin là gì?,Anh
Bertha Von Suttner nổi tiếng với nghề nghiệp nào?,Tiểu Thuyết Gia
Ai là người hướng dẫn tiến sĩ của Albert Einstein?,Không có người hướng dẫn tiến sĩ
Ai là người đo lường chính xác đầu tiên về sự gia tăng của vũ trụ và đã được trao Giải Nobel Vật Lý?,Giải Nobel Vật Lý
"Năm nào Alexander R. Todd, Baron Todd đã giành giải thưởng?",1957
Adolf Butenandt đã nhận được giải thưởng nào vào thời kỳ Chiến tranh Thế giới II?,/Kriegsverdienstkreuz
"Quốc tịch của Alexander R. Todd, Baron Todd là gì?",Scotland
Ai là người hướng dẫn luận án tiến sĩ của August Wilhelm Von Hofmann?,Justus Von Liebig
Ai là người nghiên cứu sinh nổi tiếng liên quan đến Arnold Sommerfeld?,/Helmut Hönl
Corneille Heymans mất ở đâu?,/Knokke
Ai đã nhận Giải L'Oréal-UNESCO Cho Phụ Nữ Trong Khoa Học?,Giải L'Oréal-UNESCO Cho Phụ Nữ Trong Khoa Học
Ai đã được trao Giải Nobel Vật Lý vào năm 1966?,Giải Nobel Vật Lý
Bạn có thể cung cấp link đến luận án của Barbara McClintock về nghiên cứu cytological và genetical của cây bắp không?,Http://Cornell.Worldcat.Org/Title/Cytological-And-Genetical-Study-Of-Triploid-Maize/Oclc/64683107
Dmitry Muratov sinh ở đâu trong quá khứ?,Liên Xô
Ai đã nhận Huy Chương Priestley?,Huy Chương Priestley
Ai không có người hướng dẫn tiến sĩ trong luận án của mình?,Không có người hướng dẫn tiến sĩ
Ở đâu Daron Acemoglu sinh ra?,Istanbul
Aaron Klug đã mất ở đâu?,Cambridge
"Ai là người được đề cử trong Triple ""Arnold Sommerfeld - Các nghiên cứu sinh nổi tiếng - /Walther Kossel""?",/Walther Kossel
Bertil Ohlin sinh ở đâu?,Hạt Skåne
Nơi Charles Thomson Rees Wilson mất là ở đâu?,Edinburgh
Andrei Sakharov đã nhận được giải thưởng nào vào năm 1975?,Giải Nobel Hòa Bình
Ai là người nghiên cứu cùng với Anton Zeilinger trong lĩnh vực khoa học?,/Thomas Jennewein
Ai là người hướng dẫn luận án tiến sĩ của Adolf Von Baeyer?,Không có người hướng dẫn tiến sĩ
Giải thưởng nào Aleksandr Solzhenitsyn từng nhận được?,/Giải Thưởng Quốc Tế Botev
Quốc tịch của Clinton Davisson là gì?,Hoa Kỳ
David MacMillan sinh ở đâu?,/Bellshill
C.V. Raman đã được trao giải thưởng nào cao quý nhất ở Ấn Độ?,/Bharat Ratna
Ai là phối ngẫu của Barack Obama?,Michelle Obama
Barbara McClintock đã làm việc ở đâu?,Đại Học Cornell
Alan Turing sinh ở đâu?,Luân Đôn
Đất nước nào là quê hương của nhà hóa học nổi tiếng Alfred Werner?,Thụy Sĩ
Anne L'Huillier đã đạt được học vị nào?,Bachelor Of Arts
Daniel Kahneman làm việc tại đâu?,Đại Học British Columbia
Quốc tịch của Alfred Werner là gì?,Thụy Sĩ
Nơi sinh của Alfred G. Gilman là ở đâu?,Connecticut
Ai là người nghiên cứu cùng với Adolf Von Baeyer và nổi tiếng trong lĩnh vực hóa học?,/Victor Villiger
Ở đâu Akira Yoshino làm việc?,/Meijo University
Nơi Charles Brenton Huggins sinh là ở đâu?,Nova Scotia
Bạn có biết Copernicus từng làm giáo sư tại trường lớp nào trước khi trở thành giáo sư tại đại học Padova không?,Đại Học Padova
Brian Kobilka học tại trường đại học nào?,Đại Học Yale
Amartya Sen sinh ra ở đâu?,Santiniketan
Alfred Kleiner sinh ở đâu?,Maschwanden
"Vật lý nào nghiên cứu về các hiện tượng và lý thuyết trong vũ trụ, nguyên tử và các phân tử?",Vật Lý Hiện Đại
Alice Munro sinh ở tỉnh nào?,Ontario
Ở đâu Akira Yoshino đã nhận học vị?,Đại Học Osaka
Alice Munro đã từng giành giải thưởng nào trong danh sách dưới đây?,Giải Man Booker Quốc Tế
Trường đại học nào mà Alfred Kleiner là giáo sư?,Đại Học Zürich
Daron Acemoglu đã từng nhận được giải thưởng nào?,/Giải Thưởng John Von Neumann
Ai đã được trao /Huy Chương Franklin?,/Huy Chương Franklin
Nơi Carl David Anderson đã mất là ở đâu?,"/San Marino, California"
Albert Einstein đã làm việc tại đâu?,Đại Học Leiden
Dmitry Muratov làm nghề gì?,/Journalist
Adolf Von Baeyer đã đạt được thành tựu gì mà đã giúp ông giành được Giải Nobel Hóa Học?,Giải Nobel Hóa Học
Ai là đồng nghiệp nghiên cứu nổi tiếng của Abdus Salam?,/Fayyazuddin
Nơi công tác của David J. Wineland là đâu?,"/Đại Học Colorado, Boulder"
Giải thưởng nào mà Andrei Sakharov đã nhận được?,/Prix Mondial Cino Del Duca
